employee_id;first_name;last_name;age;status;join_date;salary;email;phone;performance_score;remote_work;department;region
EMP1000;Bob;Davis;25.0;Active;2021/04/02;59767.65;bob.davis_DCA1000@example.com;1651623197;Average;TRUE;DevOps;California
EMP1001;Bob;Brown;;Active;2020/07/10;65304.66;bob.brown_FTX1001@example.com;1898471390;Excellent;TRUE;Finance;Texas
EMP1002;Alice;Jones;;Pending;2023/12/07;88145.9;alice.jones_ANV1002@example.com;5596363211;Good;TRUE;Admin;Nevada
EMP1003;Eva;Davis;25.0;Inactive;2021/11/27;69450.99;eva.davis_ANV1003@example.com;3476490784;Good;TRUE;Admin;Nevada
EMP1004;Frank;Williams;25.0;Active;2022/01/05;109324.61;frank.williams_CFL1004@example.com;1586734256;Poor;FALSE;Cloud Tech;Florida
EMP1005;Alice;Garcia;40.0;Inactive;2020/06/10;88642.84;alice.garcia_STX1005@example.com;5409003485;Good;FALSE;Sales;Texas
EMP1006;Frank;Jones;;Active;2020/04/03;96288.43;frank.jones_ANV1006@example.com;4518376063;Good;FALSE;Admin;Nevada
EMP1007;Bob;Jones;30.0;Inactive;2022/07/17;94497.91;bob.jones_CFL1007@example.com;4134327559;Average;TRUE;Cloud Tech;Florida
EMP1008;Frank;Davis;35.0;Inactive;2023/12/08;115565.82;frank.davis_ANV1008@example.com;4177656123;Excellent;TRUE;Admin;Nevada
EMP1009;Charlie;Johnson;;Active;2022/08/04;76561.88;charlie.johnson_DNY1009@example.com;8156985699;Excellent;TRUE;DevOps;New York
EMP1010;David;Williams;35.0;Active;2024/07/06;72081.71;david.williams_CNY1010@example.com;2720634590;Average;FALSE;Cloud Tech;New York
EMP1011;David;Davis;;Active;2023/09/04;84946.19;david.davis_DCA1011@example.com;1238296576;Poor;TRUE;DevOps;California
EMP1012;Heidi;Williams;30.0;Active;2024/03/05;89295.77;heidi.williams_HNY1012@example.com;2429543164;Excellent;FALSE;HR;New York
EMP1013;Grace;Williams;;Active;2020/10/10;85666.84;grace.williams_FCA1013@example.com;2669300892;Good;FALSE;Finance;California
EMP1014;Alice;Garcia;25.0;Active;2024/06/10;97633.68;alice.garcia_ANV1014@example.com;1734206968;Excellent;TRUE;Admin;Nevada
EMP1015;Grace;Jones;40.0;Pending;2021/05/29;117975.49;grace.jones_SFL1015@example.com;4215291085;Good;TRUE;Sales;Florida
EMP1016;Alice;Brown;25.0;Inactive;2024/04/23;94867.33;alice.brown_DIL1016@example.com;7713334475;Poor;FALSE;DevOps;Illinois
EMP1017;Grace;Garcia;30.0;Pending;2024/11/28;100377.65;grace.garcia_FTX1017@example.com;2639343625;Average;TRUE;Finance;Texas
EMP1018;Charlie;Garcia;;Inactive;2024/09/19;94726.46;charlie.garcia_CNV1018@example.com;2044397358;Excellent;FALSE;Cloud Tech;Nevada
EMP1019;Charlie;Williams;35.0;Pending;2020/01/02;91926.12;charlie.williams_AIL1019@example.com;7107256365;Average;TRUE;Admin;Illinois
EMP1020;Bob;Miller;35.0;Active;2021/05/08;111460.67;bob.miller_HNY1020@example.com;9411800536;Excellent;TRUE;HR;New York
EMP1021;Bob;Jones;40.0;Active;2020/09/19;96182.56;bob.jones_CIL1021@example.com;5990048963;Good;FALSE;Cloud Tech;Illinois
EMP1022;Charlie;Johnson;35.0;Inactive;2021/03/09;115023.94;charlie.johnson_SIL1022@example.com;6528092427;Average;TRUE;Sales;Illinois
EMP1023;David;Garcia;35.0;Pending;2022/02/03;80667.01;david.garcia_FNV1023@example.com;7572158623;Excellent;FALSE;Finance;Nevada
EMP1024;Bob;Brown;30.0;Inactive;2020/02/13;91181.61;bob.brown_ATX1024@example.com;1502745643;Good;TRUE;Admin;Texas
EMP1025;David;Miller;25.0;Pending;2020/04/30;66025.92;david.miller_CNV1025@example.com;9485625727;Average;FALSE;Cloud Tech;Nevada
EMP1026;Frank;Miller;25.0;Inactive;2023/10/02;83979.01;frank.miller_SNY1026@example.com;7032032073;Average;FALSE;Sales;New York
EMP1027;Heidi;Johnson;30.0;Active;2020/07/12;56785.16;heidi.johnson_FFL1027@example.com;2761707586;Excellent;TRUE;Finance;Florida
EMP1028;Grace;Garcia;40.0;Active;2023/10/11;95741.88;grace.garcia_FNV1028@example.com;7712151341;Excellent;FALSE;Finance;Nevada
EMP1029;Alice;Brown;40.0;Active;2021/05/24;63411.31;alice.brown_DCA1029@example.com;2849939088;Excellent;TRUE;DevOps;California
EMP1030;Charlie;Jones;40.0;Inactive;2021/05/26;111214.02;charlie.jones_ACA1030@example.com;2613715040;Good;TRUE;Admin;California
EMP1031;Bob;Smith;25.0;Active;2020/07/10;114845.69;bob.smith_DIL1031@example.com;6591520176;Excellent;TRUE;DevOps;Illinois
EMP1032;Charlie;Brown;40.0;Active;2024/11/05;78072.82;charlie.brown_FFL1032@example.com;7490509758;Average;FALSE;Finance;Florida
EMP1033;Grace;Johnson;25.0;Inactive;2021/08/07;79610.52;grace.johnson_FCA1033@example.com;2304501895;Average;FALSE;Finance;California
EMP1034;Heidi;Miller;30.0;Active;2020/04/29;90542.62;heidi.miller_ACA1034@example.com;1642361031;Excellent;TRUE;Admin;California
EMP1035;Frank;Jones;25.0;Inactive;2022/10/26;114357.1;frank.jones_CIL1035@example.com;6642147648;Excellent;TRUE;Cloud Tech;Illinois
EMP1036;Alice;Brown;;Active;2023/05/03;54757.26;alice.brown_CNY1036@example.com;2515837766;Poor;FALSE;Cloud Tech;New York
EMP1037;Grace;Smith;25.0;Pending;2023/05/02;52781.92;grace.smith_SNY1037@example.com;4996165925;Average;TRUE;Sales;New York
EMP1038;Frank;Smith;35.0;Pending;2021/10/05;66708.02;frank.smith_ANV1038@example.com;6108573277;Good;TRUE;Admin;Nevada
EMP1039;Eva;Williams;40.0;Active;2022/07/27;93481.15;eva.williams_HTX1039@example.com;8147617421;Poor;FALSE;HR;Texas
EMP1040;Bob;Williams;25.0;Pending;2021/06/27;59271.96;bob.williams_SNY1040@example.com;4386490809;Excellent;TRUE;Sales;New York
EMP1041;Bob;Davis;30.0;Active;2022/06/16;108362.15;bob.davis_HCA1041@example.com;8186617944;Excellent;FALSE;HR;California
EMP1042;Alice;Johnson;;Active;2024/12/03;59400.38;alice.johnson_HNV1042@example.com;4918017225;Average;TRUE;HR;Nevada
EMP1043;Bob;Garcia;;Inactive;2023/05/23;64744.08;bob.garcia_ACA1043@example.com;;Excellent;FALSE;Admin;California
EMP1044;Eva;Brown;;Active;2020/07/08;94399.91;eva.brown_FCA1044@example.com;5232194167;Good;TRUE;Finance;California
EMP1045;Alice;Brown;25.0;Pending;2021/06/20;61310.74;alice.brown_HNY1045@example.com;;Average;TRUE;HR;New York
EMP1046;Grace;Garcia;;Active;2024/12/13;98371.37;grace.garcia_CTX1046@example.com;7499564121;Excellent;FALSE;Cloud Tech;Texas
EMP1047;Alice;Davis;35.0;Active;2022/05/30;58921.19;alice.davis_SIL1047@example.com;;Average;TRUE;Sales;Illinois
EMP1048;Alice;Miller;35.0;Active;2023/09/27;57195.55;alice.miller_ANV1048@example.com;6831472759;Excellent;FALSE;Admin;Nevada
EMP1049;Grace;Miller;;Active;2024/11/05;61375.12;grace.miller_DNY1049@example.com;1227770792;Excellent;TRUE;DevOps;New York
EMP1050;Charlie;Davis;40.0;Pending;2021/11/11;104767.05;charlie.davis_CNY1050@example.com;3496050165;Excellent;FALSE;Cloud Tech;New York
EMP1051;David;Miller;35.0;Active;2022/02/22;111051.67;david.miller_ANV1051@example.com;7998407677;Good;FALSE;Admin;Nevada
EMP1052;David;Williams;30.0;Inactive;2024/08/07;105674.18;david.williams_FCA1052@example.com;9973080694;Good;FALSE;Finance;California
EMP1053;Alice;Brown;30.0;Inactive;2024/11/05;54859.45;alice.brown_FCA1053@example.com;8146717956;Average;FALSE;Finance;California
EMP1054;Frank;Davis;;Pending;2021/11/09;115746.6;frank.davis_FNV1054@example.com;6024375737;Excellent;TRUE;Finance;Nevada
EMP1055;Eva;Brown;30.0;Active;2020/08/10;91759.99;eva.brown_SCA1055@example.com;3959724664;Excellent;TRUE;Sales;California
EMP1056;Frank;Garcia;40.0;Active;2022/02/27;112965.33;frank.garcia_SIL1056@example.com;7293417222;Good;FALSE;Sales;Illinois
EMP1057;Alice;Smith;40.0;Pending;2023/11/07;100360.1;alice.smith_CIL1057@example.com;2971674337;Excellent;FALSE;Cloud Tech;Illinois
EMP1058;David;Williams;35.0;Pending;2021/11/07;93620.88;david.williams_FTX1058@example.com;;Good;FALSE;Finance;Texas
EMP1059;Bob;Jones;35.0;Pending;2022/04/16;72832.8;bob.jones_SCA1059@example.com;5619318373;Excellent;TRUE;Sales;California
EMP1060;Charlie;Williams;30.0;Inactive;2023/10/19;102369.42;charlie.williams_FNV1060@example.com;5508428909;Average;TRUE;Finance;Nevada
EMP1061;Eva;Davis;40.0;Inactive;2021/08/10;64712.79;eva.davis_STX1061@example.com;7711991807;Excellent;TRUE;Sales;Texas
EMP1062;Frank;Jones;40.0;Pending;2021/03/13;85782.18;frank.jones_FFL1062@example.com;1213524786;Excellent;TRUE;Finance;Florida
EMP1063;Charlie;Smith;25.0;Pending;2023/07/20;93348.26;charlie.smith_HIL1063@example.com;1255213759;Poor;FALSE;HR;Illinois
EMP1064;David;Davis;35.0;Active;2020/02/20;53234.96;david.davis_ANY1064@example.com;3754821455;Good;FALSE;Admin;New York
EMP1065;Bob;Johnson;40.0;Pending;2021/02/02;100284.21;bob.johnson_FNV1065@example.com;5328632665;Excellent;FALSE;Finance;Nevada
EMP1066;Grace;Brown;30.0;Pending;2020/01/12;112486.19;grace.brown_ANV1066@example.com;7850720810;Excellent;TRUE;Admin;Nevada
EMP1067;Bob;Smith;40.0;Pending;2022/11/26;82518.49;bob.smith_ANY1067@example.com;5562606028;Poor;TRUE;Admin;New York
EMP1068;Bob;Brown;40.0;Pending;2022/12/23;119152.47;bob.brown_AFL1068@example.com;;Poor;TRUE;Admin;Florida
EMP1069;Heidi;Miller;;Inactive;2024/08/28;113479.83;heidi.miller_DIL1069@example.com;4892673898;Good;FALSE;DevOps;Illinois
EMP1070;Charlie;Johnson;40.0;Active;2024/09/16;94636.3;charlie.johnson_FCA1070@example.com;7563410855;Poor;FALSE;Finance;California
EMP1071;Heidi;Johnson;30.0;Active;2024/01/01;70000.97;heidi.johnson_HFL1071@example.com;2884318847;Average;TRUE;HR;Florida
EMP1072;Frank;Smith;;Active;2021/04/18;76812.47;frank.smith_CNY1072@example.com;5200894345;Poor;FALSE;Cloud Tech;New York
EMP1073;David;Johnson;25.0;Inactive;2023/01/16;82614.7;david.johnson_FFL1073@example.com;8105485100;Average;TRUE;Finance;Florida
EMP1074;Grace;Jones;40.0;Active;2024/10/20;111645.97;grace.jones_SNV1074@example.com;7490753997;Good;TRUE;Sales;Nevada
EMP1075;Heidi;Johnson;25.0;Inactive;2024/10/13;112414.91;heidi.johnson_HCA1075@example.com;9354492682;Good;FALSE;HR;California
EMP1076;David;Brown;40.0;Inactive;2022/09/21;52031.74;david.brown_ACA1076@example.com;1589357125;Good;TRUE;Admin;California
EMP1077;Grace;Brown;30.0;Pending;2022/12/29;51887.65;grace.brown_FNY1077@example.com;6110627370;Good;FALSE;Finance;New York
EMP1078;Alice;Davis;25.0;Active;2024/11/10;82318.89;alice.davis_DFL1078@example.com;5869886496;Good;TRUE;DevOps;Florida
EMP1079;Grace;Brown;35.0;Inactive;2021/11/22;103286.08;grace.brown_AFL1079@example.com;6776228276;Average;FALSE;Admin;Florida
EMP1080;Grace;Davis;35.0;Active;2024/03/14;87759.33;grace.davis_CFL1080@example.com;2881377027;Average;FALSE;Cloud Tech;Florida
EMP1081;Frank;Brown;30.0;Pending;2020/03/23;102796.32;frank.brown_DTX1081@example.com;5196115939;Good;FALSE;DevOps;Texas
EMP1082;David;Jones;25.0;Active;2020/09/15;83149.27;david.jones_SNY1082@example.com;8215454469;Poor;TRUE;Sales;New York
EMP1083;David;Garcia;40.0;Inactive;2020/12/09;92412.49;david.garcia_DCA1083@example.com;2296044326;Excellent;TRUE;DevOps;California
EMP1084;Bob;Davis;30.0;Pending;2020/02/22;115022.1;bob.davis_HTX1084@example.com;;Good;FALSE;HR;Texas
EMP1085;Grace;Williams;40.0;Active;2023/04/27;98343.01;grace.williams_DNY1085@example.com;9756792286;Poor;FALSE;DevOps;New York
EMP1086;Bob;Miller;35.0;Active;2024/06/18;118869.1;bob.miller_DIL1086@example.com;7725199662;Excellent;TRUE;DevOps;Illinois
EMP1087;Frank;Smith;;Inactive;2020/05/21;85417.26;frank.smith_FNV1087@example.com;6580741208;Good;TRUE;Finance;Nevada
EMP1088;Grace;Brown;40.0;Inactive;2023/07/25;112410.25;grace.brown_CFL1088@example.com;4818139889;Good;TRUE;Cloud Tech;Florida
EMP1089;Charlie;Johnson;40.0;Pending;2023/08/25;68905.77;charlie.johnson_ANV1089@example.com;9837801819;Average;FALSE;Admin;Nevada
EMP1090;Heidi;Garcia;40.0;Pending;2021/07/03;72561.32;heidi.garcia_FNV1090@example.com;4339718955;Excellent;TRUE;Finance;Nevada
EMP1091;Bob;Brown;35.0;Inactive;2023/03/13;92723.22;bob.brown_FNY1091@example.com;9070562607;Excellent;TRUE;Finance;New York
EMP1092;Alice;Johnson;40.0;Inactive;2021/03/10;74837.75;alice.johnson_HNY1092@example.com;5641118241;Poor;FALSE;HR;New York
EMP1093;Eva;Miller;;Pending;2020/01/21;86163.91;eva.miller_DCA1093@example.com;2412462094;Average;TRUE;DevOps;California
EMP1094;David;Miller;40.0;Active;2023/11/15;83326.52;david.miller_FIL1094@example.com;2004615264;Average;TRUE;Finance;Illinois
EMP1095;Heidi;Miller;25.0;Active;2022/04/08;98425.1;heidi.miller_CCA1095@example.com;4610339936;Average;TRUE;Cloud Tech;California
EMP1096;Frank;Johnson;40.0;Inactive;2022/05/21;119764.2;frank.johnson_SIL1096@example.com;8861405785;Average;FALSE;Sales;Illinois
EMP1097;Frank;Brown;40.0;Inactive;2021/04/17;58445.91;frank.brown_HCA1097@example.com;1706304890;Excellent;FALSE;HR;California
EMP1098;Bob;Miller;;Active;2021/03/19;101702.33;bob.miller_DNY1098@example.com;3824967182;Excellent;FALSE;DevOps;New York
EMP1099;Eva;Jones;25.0;Active;2022/01/09;;eva.jones_ACA1099@example.com;2582386869;Good;FALSE;Admin;California
EMP1100;Charlie;Davis;35.0;Pending;2021/08/21;98819.22;charlie.davis_CTX1100@example.com;;Good;FALSE;Cloud Tech;Texas
EMP1101;Heidi;Johnson;25.0;Inactive;2022/08/19;83509.99;heidi.johnson_CIL1101@example.com;4653984027;Average;FALSE;Cloud Tech;Illinois
EMP1102;Alice;Johnson;35.0;Active;2022/03/31;84422.26;alice.johnson_FTX1102@example.com;9141612845;Average;FALSE;Finance;Texas
EMP1103;Alice;Brown;30.0;Inactive;2020/06/23;119574.27;alice.brown_AIL1103@example.com;3985547434;Average;TRUE;Admin;Illinois
EMP1104;Grace;Johnson;;Active;2024/05/07;86580.08;grace.johnson_SIL1104@example.com;5379502096;Good;TRUE;Sales;Illinois
EMP1105;Heidi;Johnson;35.0;Inactive;2023/03/10;93471.91;heidi.johnson_SFL1105@example.com;;Poor;FALSE;Sales;Florida
EMP1106;Bob;Miller;30.0;Inactive;2023/09/14;55683.12;bob.miller_DNY1106@example.com;8071569561;Poor;TRUE;DevOps;New York
EMP1107;Bob;Brown;30.0;Inactive;2023/11/12;91566.78;bob.brown_CFL1107@example.com;;Good;TRUE;Cloud Tech;Florida
EMP1108;David;Miller;35.0;Pending;2024/10/26;81782.19;david.miller_DCA1108@example.com;5319433749;Good;FALSE;DevOps;California
EMP1109;Eva;Davis;;Inactive;2020/08/23;88119.37;eva.davis_DNY1109@example.com;4793036148;Good;TRUE;DevOps;New York
EMP1110;Eva;Garcia;30.0;Active;2024/06/11;71532.83;eva.garcia_CTX1110@example.com;8728399920;Good;TRUE;Cloud Tech;Texas
EMP1111;Eva;Davis;40.0;Pending;2021/09/14;98981.36;eva.davis_CFL1111@example.com;9212493842;Good;TRUE;Cloud Tech;Florida
EMP1112;Heidi;Garcia;40.0;Active;2024/12/26;80242.01;heidi.garcia_CIL1112@example.com;;Good;TRUE;Cloud Tech;Illinois
EMP1113;Eva;Miller;25.0;Pending;2024/09/08;110236.18;eva.miller_CNY1113@example.com;6641877579;Average;TRUE;Cloud Tech;New York
EMP1114;Alice;Davis;35.0;Active;2022/08/21;86327.47;alice.davis_STX1114@example.com;3046875062;Average;FALSE;Sales;Texas
EMP1115;Eva;Brown;30.0;Pending;2024/07/25;84420.81;eva.brown_SFL1115@example.com;5190361331;Average;FALSE;Sales;Florida
EMP1116;Frank;Smith;40.0;Pending;2020/08/02;110041.32;frank.smith_HCA1116@example.com;5411076094;Average;FALSE;HR;California
EMP1117;Heidi;Miller;35.0;Pending;2020/03/16;81837.81;heidi.miller_DFL1117@example.com;4317350582;Good;TRUE;DevOps;Florida
EMP1118;Frank;Garcia;25.0;Active;2023/09/08;110855.72;frank.garcia_FIL1118@example.com;1997179109;Poor;FALSE;Finance;Illinois
EMP1119;Alice;Jones;30.0;Pending;2024/03/29;84894.52;alice.jones_SCA1119@example.com;;Excellent;TRUE;Sales;California
EMP1120;Alice;Garcia;30.0;Active;2021/08/12;80668.13;alice.garcia_HIL1120@example.com;6110804660;Good;TRUE;HR;Illinois
EMP1121;Bob;Jones;25.0;Active;2023/12/24;61086.47;bob.jones_DIL1121@example.com;9639907675;Excellent;TRUE;DevOps;Illinois
EMP1122;Grace;Johnson;25.0;Inactive;2020/08/28;95339.68;grace.johnson_ATX1122@example.com;9915078592;Poor;TRUE;Admin;Texas
EMP1123;Eva;Davis;;Inactive;2024/09/05;83774.97;eva.davis_DCA1123@example.com;1109193927;Average;FALSE;DevOps;California
EMP1124;Heidi;Jones;;Active;2023/05/12;85576.86;heidi.jones_AFL1124@example.com;4567972319;Poor;FALSE;Admin;Florida
EMP1125;Bob;Garcia;35.0;Pending;2021/07/01;107438.46;bob.garcia_FCA1125@example.com;;Good;TRUE;Finance;California
EMP1126;Eva;Johnson;;Inactive;2024/11/07;60401.68;eva.johnson_SNV1126@example.com;2274954507;Average;FALSE;Sales;Nevada
EMP1127;Frank;Smith;35.0;Inactive;2022/07/21;115299.66;frank.smith_SIL1127@example.com;9203880652;Good;TRUE;Sales;Illinois
EMP1128;David;Brown;;Inactive;2020/03/30;72272.34;david.brown_FNY1128@example.com;3315377958;Average;FALSE;Finance;New York
EMP1129;Grace;Brown;40.0;Active;2022/10/11;117537.71;grace.brown_DNV1129@example.com;9594652169;Excellent;FALSE;DevOps;Nevada
EMP1130;Frank;Brown;25.0;Pending;2022/07/24;51074.33;frank.brown_FTX1130@example.com;7303379336;Excellent;TRUE;Finance;Texas
EMP1131;Charlie;Jones;25.0;Inactive;2023/06/30;98489.32;charlie.jones_FCA1131@example.com;5636205014;Excellent;FALSE;Finance;California
EMP1132;Frank;Smith;;Pending;2024/01/11;112120.71;frank.smith_FCA1132@example.com;;Poor;TRUE;Finance;California
EMP1133;Alice;Jones;;Pending;2023/11/02;114465.04;alice.jones_CNY1133@example.com;;Good;FALSE;Cloud Tech;New York
EMP1134;Bob;Davis;40.0;Pending;2024/11/22;57035.51;bob.davis_CNV1134@example.com;3230241025;Poor;TRUE;Cloud Tech;Nevada
EMP1135;Eva;Jones;25.0;Active;2021/08/23;75092.43;eva.jones_CCA1135@example.com;1534735527;Excellent;TRUE;Cloud Tech;California
EMP1136;David;Smith;;Pending;2024/06/11;62603.98;david.smith_FIL1136@example.com;9611223385;Good;FALSE;Finance;Illinois
EMP1137;Grace;Smith;;Inactive;2023/04/09;60018.24;grace.smith_DNY1137@example.com;5596309937;Excellent;FALSE;DevOps;New York
EMP1138;Eva;Davis;40.0;Active;2024/07/05;82567.73;eva.davis_HNV1138@example.com;4253042896;Poor;TRUE;HR;Nevada
EMP1139;Charlie;Smith;25.0;Pending;2021/09/04;94725.71;charlie.smith_FCA1139@example.com;3179128684;Poor;FALSE;Finance;California
EMP1140;Eva;Garcia;40.0;Inactive;2024/10/13;83824.56;eva.garcia_HNY1140@example.com;7872558776;Poor;FALSE;HR;New York
EMP1141;Frank;Smith;;Inactive;2020/02/14;118456.11;frank.smith_HNV1141@example.com;4969033372;Excellent;TRUE;HR;Nevada
EMP1142;Eva;Brown;25.0;Pending;2020/04/10;113743.19;eva.brown_SNV1142@example.com;6346692547;Good;TRUE;Sales;Nevada
EMP1143;Eva;Garcia;30.0;Active;2023/07/27;63309.24;eva.garcia_SCA1143@example.com;1214785389;Good;FALSE;Sales;California
EMP1144;Charlie;Garcia;25.0;Active;2021/09/24;105202.73;charlie.garcia_DNV1144@example.com;7895677664;Excellent;TRUE;DevOps;Nevada
EMP1145;Frank;Davis;30.0;Inactive;2024/03/10;79085.22;frank.davis_CCA1145@example.com;7546027340;Good;TRUE;Cloud Tech;California
EMP1146;Frank;Williams;;Active;2021/06/10;113983.43;frank.williams_SCA1146@example.com;5148881430;Excellent;TRUE;Sales;California
EMP1147;Eva;Williams;35.0;Active;2020/10/15;102790.6;eva.williams_CFL1147@example.com;1150835353;Good;FALSE;Cloud Tech;Florida
EMP1148;Grace;Smith;;Inactive;2020/01/29;68512.1;grace.smith_HTX1148@example.com;4439284043;Average;FALSE;HR;Texas
EMP1149;Frank;Garcia;35.0;Pending;2022/01/30;57584.23;frank.garcia_SFL1149@example.com;5669078262;Average;TRUE;Sales;Florida
EMP1150;Alice;Williams;;Pending;2021/03/29;95335.67;alice.williams_SCA1150@example.com;3373898774;Poor;FALSE;Sales;California
EMP1151;Heidi;Williams;35.0;Active;2020/10/13;53174.28;heidi.williams_DFL1151@example.com;1536637779;Average;TRUE;DevOps;Florida
EMP1152;Heidi;Smith;25.0;Pending;2020/10/04;77205.21;heidi.smith_CNY1152@example.com;5292407552;Average;FALSE;Cloud Tech;New York
EMP1153;Grace;Williams;;Active;2024/12/18;79041.92;grace.williams_DNV1153@example.com;6668459089;Average;TRUE;DevOps;Nevada
EMP1154;Heidi;Jones;;Active;2023/11/14;75937.1;heidi.jones_FCA1154@example.com;2259999662;Excellent;TRUE;Finance;California
EMP1155;David;Johnson;35.0;Inactive;2023/01/20;113118.73;david.johnson_CNV1155@example.com;6186371596;Average;FALSE;Cloud Tech;Nevada
EMP1156;Alice;Davis;40.0;Active;2024/10/02;107693.38;alice.davis_HNY1156@example.com;4121820969;Average;TRUE;HR;New York
EMP1157;David;Johnson;;Inactive;2021/05/13;119217.46;david.johnson_CTX1157@example.com;2316433480;Poor;FALSE;Cloud Tech;Texas
EMP1158;David;Smith;25.0;Pending;2021/03/18;106913.71;david.smith_SNY1158@example.com;7058025661;Average;FALSE;Sales;New York
EMP1159;Charlie;Brown;;Active;2020/09/23;87815.08;charlie.brown_CCA1159@example.com;1286716322;Average;TRUE;Cloud Tech;California
EMP1160;Bob;Davis;25.0;Inactive;2024/06/05;105190.21;bob.davis_ATX1160@example.com;4672994937;Good;TRUE;Admin;Texas
EMP1161;Alice;Smith;30.0;Active;2024/02/28;79467.24;alice.smith_HTX1161@example.com;7430271692;Poor;FALSE;HR;Texas
EMP1162;Bob;Garcia;40.0;Pending;2023/04/30;57633.78;bob.garcia_FCA1162@example.com;8597779013;Poor;TRUE;Finance;California
EMP1163;Alice;Brown;;Pending;2020/03/04;54257.78;alice.brown_HFL1163@example.com;7546926328;Poor;TRUE;HR;Florida
EMP1164;Grace;Johnson;40.0;Inactive;2023/12/29;113679.06;grace.johnson_DTX1164@example.com;6762916031;Poor;TRUE;DevOps;Texas
EMP1165;Bob;Smith;35.0;Active;2020/09/15;69251.12;bob.smith_SNY1165@example.com;4841376814;Poor;TRUE;Sales;New York
EMP1166;Frank;Garcia;40.0;Inactive;2022/07/18;85388.58;frank.garcia_SIL1166@example.com;1185672437;Poor;TRUE;Sales;Illinois
EMP1167;Bob;Davis;;Inactive;2022/07/13;112166.37;bob.davis_DNY1167@example.com;;Excellent;FALSE;DevOps;New York
EMP1168;Heidi;Davis;40.0;Active;2021/10/02;79873.48;heidi.davis_FNV1168@example.com;;Average;FALSE;Finance;Nevada
EMP1169;Frank;Miller;30.0;Active;2020/07/05;108224.03;frank.miller_DFL1169@example.com;1837274219;Poor;TRUE;DevOps;Florida
EMP1170;Bob;Garcia;35.0;Active;2023/04/16;116963.72;bob.garcia_AIL1170@example.com;9124186209;Average;TRUE;Admin;Illinois
EMP1171;Bob;Jones;40.0;Inactive;2024/11/12;114109.06;bob.jones_HNV1171@example.com;4275230836;Average;TRUE;HR;Nevada
EMP1172;Eva;Williams;;Active;2023/03/29;85518.88;eva.williams_HCA1172@example.com;;Excellent;FALSE;HR;California
EMP1173;Heidi;Brown;30.0;Pending;2022/01/22;58041.97;heidi.brown_CCA1173@example.com;6335331059;Poor;TRUE;Cloud Tech;California
EMP1174;David;Garcia;40.0;Pending;2023/10/14;94988.94;david.garcia_SIL1174@example.com;;Good;FALSE;Sales;Illinois
EMP1175;Eva;Miller;25.0;Pending;2024/04/10;71628.93;eva.miller_ACA1175@example.com;8155839385;Excellent;FALSE;Admin;California
EMP1176;Alice;Williams;30.0;Pending;2022/03/31;54870.98;alice.williams_AIL1176@example.com;6133155205;Good;FALSE;Admin;Illinois
EMP1177;Alice;Williams;25.0;Active;2022/02/09;79388.27;alice.williams_DIL1177@example.com;5063731494;Average;TRUE;DevOps;Illinois
EMP1178;Frank;Smith;35.0;Pending;2023/05/06;55946.99;frank.smith_DCA1178@example.com;;Average;FALSE;DevOps;California
EMP1179;Charlie;Williams;;Active;2021/07/11;81017.91;charlie.williams_CNV1179@example.com;2419562524;Excellent;TRUE;Cloud Tech;Nevada
EMP1180;Heidi;Jones;40.0;Pending;2020/08/21;74162.1;heidi.jones_HNY1180@example.com;7150997682;Excellent;FALSE;HR;New York
EMP1181;Heidi;Davis;;Active;2021/03/27;77668.44;heidi.davis_DCA1181@example.com;8903091435;Good;TRUE;DevOps;California
EMP1182;Alice;Miller;30.0;Active;2024/04/14;67886.37;alice.miller_HNY1182@example.com;3910257431;Poor;FALSE;HR;New York
EMP1183;Alice;Williams;40.0;Active;2020/09/21;76614.52;alice.williams_DFL1183@example.com;6303975244;Good;TRUE;DevOps;Florida
EMP1184;Frank;Smith;25.0;Active;2022/06/12;51311.91;frank.smith_FNV1184@example.com;;Excellent;FALSE;Finance;Nevada
EMP1185;Frank;Jones;;Inactive;2023/12/24;94809.92;frank.jones_FIL1185@example.com;8033968526;Good;TRUE;Finance;Illinois
EMP1186;Grace;Johnson;25.0;Pending;2022/07/31;108241.81;grace.johnson_HNY1186@example.com;;Excellent;TRUE;HR;New York
EMP1187;Bob;Davis;40.0;Inactive;2023/04/21;78031.49;bob.davis_CNY1187@example.com;2983381673;Good;TRUE;Cloud Tech;New York
EMP1188;Eva;Davis;35.0;Active;2020/06/05;85733.83;eva.davis_ACA1188@example.com;2336293448;Excellent;TRUE;Admin;California
EMP1189;David;Miller;35.0;Pending;2024/07/27;60338.29;david.miller_HNV1189@example.com;7347156626;Excellent;FALSE;HR;Nevada
EMP1190;Eva;Davis;30.0;Active;2024/04/05;103140.67;eva.davis_AIL1190@example.com;7689627065;Excellent;FALSE;Admin;Illinois
EMP1191;Heidi;Williams;40.0;Inactive;2023/10/26;114690.8;heidi.williams_SIL1191@example.com;1498282466;Poor;TRUE;Sales;Illinois
EMP1192;Frank;Smith;35.0;Active;2022/08/18;80954.56;frank.smith_AFL1192@example.com;4746897151;Good;FALSE;Admin;Florida
EMP1193;Eva;Davis;;Pending;2020/05/31;71728.55;eva.davis_CCA1193@example.com;7323008575;Good;TRUE;Cloud Tech;California
EMP1194;Alice;Davis;35.0;Pending;2024/11/04;118415.8;alice.davis_HTX1194@example.com;6656749159;Good;TRUE;HR;Texas
EMP1195;Grace;Johnson;40.0;Pending;2020/03/25;81481.36;grace.johnson_SIL1195@example.com;1692364586;Excellent;FALSE;Sales;Illinois
EMP1196;David;Johnson;35.0;Pending;2020/11/04;117040.57;david.johnson_SFL1196@example.com;5066337049;Good;TRUE;Sales;Florida
EMP1197;Frank;Brown;25.0;Active;2020/03/21;67342.06;frank.brown_SNV1197@example.com;2497243991;Good;TRUE;Sales;Nevada
EMP1198;Heidi;Jones;;Active;2022/01/15;76099.64;heidi.jones_SIL1198@example.com;;Excellent;FALSE;Sales;Illinois
EMP1199;Grace;Williams;35.0;Active;2024/06/04;94162.06;grace.williams_DIL1199@example.com;2644886945;Average;TRUE;DevOps;Illinois
EMP1200;Frank;Davis;25.0;Inactive;2021/08/04;67639.7;frank.davis_SNV1200@example.com;1195243639;Excellent;TRUE;Sales;Nevada
EMP1201;Charlie;Garcia;35.0;Pending;2020/10/16;114172.25;charlie.garcia_CIL1201@example.com;2701168645;Good;TRUE;Cloud Tech;Illinois
EMP1202;Grace;Davis;30.0;Active;2021/09/26;89124.54;grace.davis_SNV1202@example.com;2252237280;Excellent;TRUE;Sales;Nevada
EMP1203;Frank;Smith;30.0;Pending;2023/11/04;113871.36;frank.smith_DNV1203@example.com;7932302345;Average;FALSE;DevOps;Nevada
EMP1204;Grace;Brown;;Inactive;2021/09/24;62618.4;grace.brown_HTX1204@example.com;7912141613;Excellent;FALSE;HR;Texas
EMP1205;Heidi;Jones;30.0;Active;2020/06/07;70705.45;heidi.jones_ANY1205@example.com;1509377099;Good;FALSE;Admin;New York
EMP1206;Alice;Garcia;35.0;Pending;2022/02/10;60797.69;alice.garcia_SNY1206@example.com;4090138068;Average;TRUE;Sales;New York
EMP1207;Charlie;Brown;40.0;Inactive;2023/10/17;100371.0;charlie.brown_CFL1207@example.com;8477596554;Poor;TRUE;Cloud Tech;Florida
EMP1208;Eva;Miller;40.0;Active;2021/09/25;117591.76;eva.miller_AIL1208@example.com;5356690550;Good;FALSE;Admin;Illinois
EMP1209;David;Jones;35.0;Inactive;2022/08/03;103860.7;david.jones_DIL1209@example.com;;Average;TRUE;DevOps;Illinois
EMP1210;Grace;Davis;30.0;Active;2024/11/22;67500.22;grace.davis_AIL1210@example.com;5797863049;Average;TRUE;Admin;Illinois
EMP1211;Frank;Davis;;Pending;2024/10/09;58727.44;frank.davis_CNV1211@example.com;5057397690;Poor;TRUE;Cloud Tech;Nevada
EMP1212;Charlie;Jones;35.0;Active;2024/08/28;80623.08;charlie.jones_FIL1212@example.com;5671649327;Excellent;TRUE;Finance;Illinois
EMP1213;David;Davis;40.0;Inactive;2020/04/19;77751.78;david.davis_HTX1213@example.com;9802714871;Excellent;FALSE;HR;Texas
EMP1214;Grace;Williams;25.0;Active;2021/10/14;115157.81;grace.williams_HNY1214@example.com;7178333210;Good;FALSE;HR;New York
EMP1215;Frank;Jones;30.0;Inactive;2024/08/26;83071.85;frank.jones_ATX1215@example.com;6025643470;Poor;FALSE;Admin;Texas
EMP1216;Heidi;Brown;40.0;Active;2020/02/08;67914.67;heidi.brown_STX1216@example.com;2871539914;Excellent;TRUE;Sales;Texas
EMP1217;Grace;Jones;25.0;Inactive;2020/09/06;53342.46;grace.jones_HNY1217@example.com;6686334140;Poor;FALSE;HR;New York
EMP1218;Heidi;Garcia;25.0;Pending;2023/01/02;51150.47;heidi.garcia_CFL1218@example.com;1159319524;Excellent;FALSE;Cloud Tech;Florida
EMP1219;David;Davis;30.0;Active;2023/06/13;74697.12;david.davis_HFL1219@example.com;6904098365;Average;TRUE;HR;Florida
EMP1220;Charlie;Williams;25.0;Active;2022/12/13;88085.74;charlie.williams_SCA1220@example.com;5528993159;Excellent;TRUE;Sales;California
EMP1221;Alice;Williams;40.0;Pending;2022/03/03;118672.76;alice.williams_FTX1221@example.com;8752437728;Poor;FALSE;Finance;Texas
EMP1222;Alice;Miller;35.0;Active;2024/02/10;95997.31;alice.miller_CCA1222@example.com;4209548148;Average;FALSE;Cloud Tech;California
EMP1223;Frank;Brown;30.0;Pending;2021/11/24;106945.62;frank.brown_CCA1223@example.com;7374605232;Average;FALSE;Cloud Tech;California
EMP1224;Heidi;Johnson;40.0;Active;2020/05/09;100123.15;heidi.johnson_DNY1224@example.com;;Average;FALSE;DevOps;New York
EMP1225;Alice;Johnson;35.0;Active;2024/12/19;52933.42;alice.johnson_ATX1225@example.com;6756618442;Poor;TRUE;Admin;Texas
EMP1226;Grace;Jones;;Active;2024/03/22;95283.03;grace.jones_FCA1226@example.com;8612590471;Good;FALSE;Finance;California
EMP1227;Alice;Miller;35.0;Inactive;2022/06/13;112264.06;alice.miller_HTX1227@example.com;9277423329;Good;FALSE;HR;Texas
EMP1228;Grace;Smith;35.0;Pending;2022/10/15;75714.28;grace.smith_AFL1228@example.com;5912662014;Good;TRUE;Admin;Florida
EMP1229;Eva;Jones;25.0;Active;2022/05/31;92171.73;eva.jones_DFL1229@example.com;7201859625;Poor;FALSE;DevOps;Florida
EMP1230;Eva;Miller;35.0;Inactive;2023/09/15;70694.8;eva.miller_CTX1230@example.com;3013674925;Average;TRUE;Cloud Tech;Texas
EMP1231;Grace;Brown;30.0;Inactive;2022/07/04;52964.86;grace.brown_DFL1231@example.com;1764750110;Good;TRUE;DevOps;Florida
EMP1232;Frank;Brown;;Pending;2024/06/08;116353.31;frank.brown_FCA1232@example.com;1783099973;Poor;TRUE;Finance;California
EMP1233;Grace;Brown;35.0;Pending;2020/11/23;116695.26;grace.brown_SNV1233@example.com;1926764920;Good;FALSE;Sales;Nevada
EMP1234;Heidi;Brown;25.0;Active;2024/05/13;95161.4;heidi.brown_ATX1234@example.com;5182606887;Excellent;FALSE;Admin;Texas
EMP1235;Alice;Brown;;Inactive;2022/01/29;76040.94;alice.brown_ANV1235@example.com;7189813128;Good;TRUE;Admin;Nevada
EMP1236;Charlie;Miller;;Inactive;2023/08/23;69508.28;charlie.miller_HFL1236@example.com;2087510292;Good;FALSE;HR;Florida
EMP1237;Alice;Miller;30.0;Inactive;2023/02/24;58243.27;alice.miller_FIL1237@example.com;2184011844;Average;FALSE;Finance;Illinois
EMP1238;Heidi;Williams;30.0;Pending;2022/10/02;64012.48;heidi.williams_SCA1238@example.com;8260340847;Poor;TRUE;Sales;California
EMP1239;Bob;Garcia;40.0;Inactive;2020/06/28;106735.93;bob.garcia_ANV1239@example.com;7297585987;Average;TRUE;Admin;Nevada
EMP1240;Frank;Johnson;35.0;Pending;2023/01/15;70325.36;frank.johnson_DTX1240@example.com;3103032431;Average;FALSE;DevOps;Texas
EMP1241;Charlie;Davis;30.0;Active;2020/09/05;118959.28;charlie.davis_HIL1241@example.com;9839542960;Average;TRUE;HR;Illinois
EMP1242;David;Brown;40.0;Pending;2023/03/18;75823.78;david.brown_CCA1242@example.com;8446267145;Average;FALSE;Cloud Tech;California
EMP1243;Charlie;Smith;;Inactive;2022/03/26;119971.65;charlie.smith_CTX1243@example.com;2831435988;Average;FALSE;Cloud Tech;Texas
EMP1244;Grace;Davis;40.0;Active;2021/10/11;94963.7;grace.davis_STX1244@example.com;2625660930;Good;FALSE;Sales;Texas
EMP1245;Frank;Miller;30.0;Pending;2021/01/07;103744.71;frank.miller_SNV1245@example.com;4181861514;Average;FALSE;Sales;Nevada
EMP1246;Alice;Smith;25.0;Inactive;2020/12/03;61337.69;alice.smith_SNY1246@example.com;5423401635;Average;TRUE;Sales;New York
EMP1247;David;Smith;35.0;Active;2021/05/28;63741.13;david.smith_SCA1247@example.com;1128497184;Poor;TRUE;Sales;California
EMP1248;Eva;Smith;30.0;Pending;2022/12/28;56539.99;eva.smith_DCA1248@example.com;9484910255;Excellent;TRUE;DevOps;California
EMP1249;Charlie;Williams;30.0;Pending;2023/05/24;73633.37;charlie.williams_DIL1249@example.com;2588967923;Good;TRUE;DevOps;Illinois
EMP1250;Alice;Miller;25.0;Pending;2024/04/28;90373.99;alice.miller_CTX1250@example.com;;Good;FALSE;Cloud Tech;Texas
EMP1251;Grace;Smith;;Inactive;2024/12/25;93901.48;grace.smith_DTX1251@example.com;3967275783;Good;FALSE;DevOps;Texas
EMP1252;Eva;Brown;40.0;Inactive;2021/09/01;81748.09;eva.brown_ANV1252@example.com;4683414650;Average;TRUE;Admin;Nevada
EMP1253;Charlie;Jones;40.0;Inactive;2021/02/21;73813.48;charlie.jones_FFL1253@example.com;1131290147;Average;FALSE;Finance;Florida
EMP1254;Frank;Smith;35.0;Inactive;2022/11/20;89315.59;frank.smith_FNY1254@example.com;7068277880;Average;FALSE;Finance;New York
EMP1255;Heidi;Williams;25.0;Active;2020/10/15;56776.82;heidi.williams_HFL1255@example.com;6093068537;Poor;FALSE;HR;Florida
EMP1256;Grace;Davis;;Active;2024/07/24;72920.51;grace.davis_FNY1256@example.com;9097283214;Excellent;TRUE;Finance;New York
EMP1257;Frank;Miller;30.0;Pending;2022/08/14;84913.18;frank.miller_AFL1257@example.com;2850676250;Average;TRUE;Admin;Florida
EMP1258;Alice;Garcia;25.0;Inactive;2021/05/08;65060.11;alice.garcia_FIL1258@example.com;5381447442;Excellent;TRUE;Finance;Illinois
EMP1259;Alice;Williams;35.0;Pending;2023/10/09;82941.08;alice.williams_FIL1259@example.com;;Poor;FALSE;Finance;Illinois
EMP1260;Bob;Smith;40.0;Pending;2022/01/19;103469.97;bob.smith_ACA1260@example.com;;Good;TRUE;Admin;California
EMP1261;Grace;Miller;25.0;Active;2022/01/12;88725.6;grace.miller_SIL1261@example.com;5265016730;Average;TRUE;Sales;Illinois
EMP1262;Heidi;Jones;;Pending;2023/06/05;58316.77;heidi.jones_HIL1262@example.com;8826170242;Excellent;TRUE;HR;Illinois
EMP1263;Grace;Smith;35.0;Inactive;2024/03/26;60098.72;grace.smith_HIL1263@example.com;7654562840;Excellent;TRUE;HR;Illinois
EMP1264;Grace;Williams;;Active;2020/10/07;99951.43;grace.williams_CTX1264@example.com;7722560530;Average;TRUE;Cloud Tech;Texas
EMP1265;Heidi;Johnson;30.0;Active;2021/11/02;115195.81;heidi.johnson_SIL1265@example.com;3402665022;Good;TRUE;Sales;Illinois
EMP1266;Grace;Brown;;Pending;2021/11/19;85512.05;grace.brown_DCA1266@example.com;7416787255;Good;FALSE;DevOps;California
EMP1267;Heidi;Garcia;;Active;2022/01/24;73186.77;heidi.garcia_HFL1267@example.com;8621102257;Good;FALSE;HR;Florida
EMP1268;Grace;Davis;;Pending;2023/07/12;51865.3;grace.davis_HNV1268@example.com;;Poor;TRUE;HR;Nevada
EMP1269;David;Williams;25.0;Active;2022/12/09;94031.77;david.williams_SFL1269@example.com;4716392822;Excellent;TRUE;Sales;Florida
EMP1270;Grace;Miller;30.0;Active;2023/03/18;116374.36;grace.miller_DNY1270@example.com;4143637188;Excellent;FALSE;DevOps;New York
EMP1271;Alice;Garcia;40.0;Active;2022/04/25;98335.02;alice.garcia_HFL1271@example.com;2392312603;Excellent;FALSE;HR;Florida
EMP1272;Heidi;Garcia;25.0;Pending;2021/02/28;89262.07;heidi.garcia_DNY1272@example.com;3260931065;Poor;TRUE;DevOps;New York
EMP1273;Heidi;Garcia;;Active;2022/07/30;113848.69;heidi.garcia_FCA1273@example.com;8433567085;Excellent;TRUE;Finance;California
EMP1274;Frank;Smith;35.0;Active;2021/05/19;69530.45;frank.smith_SFL1274@example.com;;Poor;TRUE;Sales;Florida
EMP1275;Eva;Brown;35.0;Pending;2023/12/14;84230.22;eva.brown_DNY1275@example.com;;Good;TRUE;DevOps;New York
EMP1276;Eva;Smith;35.0;Pending;2023/01/17;76578.59;eva.smith_CIL1276@example.com;9162475540;Average;FALSE;Cloud Tech;Illinois
EMP1277;Frank;Miller;30.0;Inactive;2024/01/02;55532.06;frank.miller_HTX1277@example.com;1082555988;Excellent;TRUE;HR;Texas
EMP1278;Eva;Smith;40.0;Pending;2021/07/09;115311.68;eva.smith_ANY1278@example.com;5343961128;Excellent;TRUE;Admin;New York
EMP1279;Charlie;Johnson;25.0;Pending;2021/05/05;66972.06;charlie.johnson_SNV1279@example.com;1093371188;Good;TRUE;Sales;Nevada
EMP1280;David;Brown;30.0;Inactive;2021/11/07;100215.06;david.brown_CTX1280@example.com;5473820235;Average;TRUE;Cloud Tech;Texas
EMP1281;Charlie;Brown;25.0;Inactive;2023/08/30;115452.25;charlie.brown_SNY1281@example.com;8485571616;Poor;FALSE;Sales;New York
EMP1282;Heidi;Miller;30.0;Inactive;2023/08/15;54141.38;heidi.miller_HCA1282@example.com;6880294239;Average;FALSE;HR;California
EMP1283;David;Davis;;Active;2020/12/24;79251.95;david.davis_DNV1283@example.com;9036788126;Good;FALSE;DevOps;Nevada
EMP1284;Alice;Johnson;40.0;Pending;2024/11/21;114822.78;alice.johnson_FNY1284@example.com;8686694319;Good;TRUE;Finance;New York
EMP1285;Alice;Williams;35.0;Active;2021/11/17;69919.32;alice.williams_SIL1285@example.com;2939087883;Average;TRUE;Sales;Illinois
EMP1286;Heidi;Smith;30.0;Inactive;2021/01/29;106616.97;heidi.smith_SFL1286@example.com;4344812307;Poor;FALSE;Sales;Florida
EMP1287;Heidi;Jones;35.0;Active;2024/02/17;73597.85;heidi.jones_DNY1287@example.com;3402424032;Poor;TRUE;DevOps;New York
EMP1288;David;Smith;30.0;Inactive;2024/08/20;79939.23;david.smith_SNV1288@example.com;8105955183;Excellent;TRUE;Sales;Nevada
EMP1289;Grace;Garcia;25.0;Inactive;2021/10/24;;grace.garcia_ANY1289@example.com;2694500533;Poor;FALSE;Admin;New York
EMP1290;Grace;Smith;30.0;Inactive;2021/09/10;90772.25;grace.smith_FCA1290@example.com;2408916497;Average;FALSE;Finance;California
EMP1291;Eva;Williams;35.0;Active;2023/09/29;58275.74;eva.williams_DNY1291@example.com;3735439626;Good;FALSE;DevOps;New York
EMP1292;Grace;Smith;;Pending;2020/08/28;94709.79;grace.smith_DCA1292@example.com;3652717271;Excellent;FALSE;DevOps;California
EMP1293;Frank;Johnson;;Active;2022/09/06;60722.99;frank.johnson_ANY1293@example.com;2397240421;Excellent;TRUE;Admin;New York
EMP1294;Frank;Johnson;40.0;Inactive;2024/03/31;87626.24;frank.johnson_DIL1294@example.com;6931216375;Good;TRUE;DevOps;Illinois
EMP1295;David;Brown;30.0;Active;2022/12/12;81272.36;david.brown_DIL1295@example.com;1820916600;Poor;FALSE;DevOps;Illinois
EMP1296;Bob;Miller;;Pending;2022/11/01;64150.97;bob.miller_CTX1296@example.com;;Good;TRUE;Cloud Tech;Texas
EMP1297;Charlie;Davis;35.0;Active;2023/10/25;64378.1;charlie.davis_SFL1297@example.com;1851327971;Poor;FALSE;Sales;Florida
EMP1298;Bob;Jones;;Inactive;2020/09/27;85927.35;bob.jones_FTX1298@example.com;4572308480;Good;FALSE;Finance;Texas
EMP1299;Alice;Garcia;;Inactive;2024/01/21;51523.93;alice.garcia_FNV1299@example.com;;Average;TRUE;Finance;Nevada
EMP1300;Alice;Smith;30.0;Active;2022/05/17;74117.02;alice.smith_STX1300@example.com;3036625435;Poor;FALSE;Sales;Texas
EMP1301;Alice;Smith;25.0;Inactive;2022/04/17;62598.69;alice.smith_FTX1301@example.com;1721314518;Average;TRUE;Finance;Texas
EMP1302;Grace;Williams;35.0;Inactive;2022/02/08;55617.5;grace.williams_FFL1302@example.com;5151092267;Excellent;TRUE;Finance;Florida
EMP1303;Charlie;Miller;35.0;Pending;2022/03/15;87018.98;charlie.miller_CNY1303@example.com;5926249450;Good;TRUE;Cloud Tech;New York
EMP1304;David;Johnson;25.0;Inactive;2023/10/11;100336.58;david.johnson_CCA1304@example.com;4754102251;Excellent;TRUE;Cloud Tech;California
EMP1305;Grace;Jones;30.0;Inactive;2020/11/13;69295.48;grace.jones_AFL1305@example.com;6771196420;Excellent;FALSE;Admin;Florida
EMP1306;Bob;Brown;25.0;Pending;2024/04/17;115536.66;bob.brown_DFL1306@example.com;5226557675;Excellent;TRUE;DevOps;Florida
EMP1307;David;Johnson;30.0;Pending;2020/03/09;81250.87;david.johnson_CTX1307@example.com;9523668787;Excellent;FALSE;Cloud Tech;Texas
EMP1308;Alice;Garcia;30.0;Inactive;2022/06/17;66403.75;alice.garcia_DTX1308@example.com;7883619688;Good;FALSE;DevOps;Texas
EMP1309;Alice;Miller;30.0;Active;2024/07/28;114147.79;alice.miller_SCA1309@example.com;3135030586;Excellent;FALSE;Sales;California
EMP1310;Frank;Garcia;30.0;Pending;2022/12/03;65472.99;frank.garcia_HNY1310@example.com;2105524727;Good;FALSE;HR;New York
EMP1311;Alice;Davis;;Active;2023/07/06;97512.51;alice.davis_SNV1311@example.com;6333021259;Good;TRUE;Sales;Nevada
EMP1312;Alice;Brown;35.0;Inactive;2024/05/28;86712.41;alice.brown_DNV1312@example.com;6501917919;Average;TRUE;DevOps;Nevada
EMP1313;Grace;Davis;30.0;Active;2024/03/25;87654.98;grace.davis_HFL1313@example.com;2521310961;Poor;FALSE;HR;Florida
EMP1314;David;Williams;35.0;Inactive;2020/04/28;89367.02;david.williams_DNY1314@example.com;2728476569;Poor;FALSE;DevOps;New York
EMP1315;Charlie;Garcia;40.0;Active;2021/11/07;95269.41;charlie.garcia_ACA1315@example.com;4120092819;Good;TRUE;Admin;California
EMP1316;Frank;Williams;25.0;Active;2020/04/15;68792.31;frank.williams_SNV1316@example.com;6678498435;Average;FALSE;Sales;Nevada
EMP1317;Alice;Smith;25.0;Pending;2023/10/07;89119.53;alice.smith_AIL1317@example.com;2418623689;Good;TRUE;Admin;Illinois
EMP1318;Frank;Davis;35.0;Active;2024/02/27;58212.13;frank.davis_CNY1318@example.com;3628917755;Good;FALSE;Cloud Tech;New York
EMP1319;Heidi;Miller;30.0;Pending;2021/02/22;77764.24;heidi.miller_DIL1319@example.com;6205634110;Good;TRUE;DevOps;Illinois
EMP1320;Frank;Garcia;35.0;Pending;2023/08/21;75148.17;frank.garcia_FFL1320@example.com;5950342810;Average;FALSE;Finance;Florida
EMP1321;Heidi;Jones;40.0;Inactive;2024/04/08;108781.18;heidi.jones_CNV1321@example.com;3904383033;Poor;FALSE;Cloud Tech;Nevada
EMP1322;Frank;Brown;35.0;Pending;2024/11/04;65489.19;frank.brown_FTX1322@example.com;1990970050;Average;TRUE;Finance;Texas
EMP1323;Eva;Johnson;;Pending;2022/05/05;70663.46;eva.johnson_SIL1323@example.com;4054683564;Excellent;FALSE;Sales;Illinois
EMP1324;David;Miller;40.0;Inactive;2023/02/01;95822.56;david.miller_SNY1324@example.com;2156818208;Average;FALSE;Sales;New York
EMP1325;Eva;Miller;40.0;Pending;2022/10/01;82258.03;eva.miller_DNV1325@example.com;6790422710;Average;TRUE;DevOps;Nevada
EMP1326;Frank;Williams;30.0;Pending;2022/09/27;62883.34;frank.williams_ANV1326@example.com;3322889856;Average;FALSE;Admin;Nevada
EMP1327;Alice;Davis;;Pending;2020/04/09;103503.72;alice.davis_CTX1327@example.com;2545960632;Average;TRUE;Cloud Tech;Texas
EMP1328;David;Garcia;25.0;Active;2021/03/23;85401.3;david.garcia_DNY1328@example.com;9912971023;Poor;TRUE;DevOps;New York
EMP1329;Heidi;Garcia;40.0;Pending;2023/02/03;;heidi.garcia_CTX1329@example.com;8171752420;Excellent;FALSE;Cloud Tech;Texas
EMP1330;Eva;Smith;;Pending;2024/07/23;98850.14;eva.smith_HTX1330@example.com;4955112746;Poor;FALSE;HR;Texas
EMP1331;Charlie;Smith;25.0;Active;2021/05/08;63435.24;charlie.smith_CIL1331@example.com;4721970545;Poor;FALSE;Cloud Tech;Illinois
EMP1332;Frank;Brown;35.0;Inactive;2022/04/11;82129.84;frank.brown_FTX1332@example.com;6927589550;Average;FALSE;Finance;Texas
EMP1333;David;Williams;35.0;Pending;2024/10/23;95492.61;david.williams_DTX1333@example.com;6874090379;Good;FALSE;DevOps;Texas
EMP1334;Grace;Miller;40.0;Inactive;2020/04/24;94572.37;grace.miller_FIL1334@example.com;2146296135;Good;FALSE;Finance;Illinois
EMP1335;Bob;Garcia;40.0;Inactive;2023/03/04;118413.05;bob.garcia_FNV1335@example.com;7157787111;Poor;FALSE;Finance;Nevada
EMP1336;Alice;Jones;30.0;Pending;2022/08/31;68976.65;alice.jones_ANV1336@example.com;1663651558;Poor;TRUE;Admin;Nevada
EMP1337;Eva;Williams;;Active;2021/01/02;115013.65;eva.williams_SNV1337@example.com;7371470826;Average;FALSE;Sales;Nevada
EMP1338;David;Brown;;Inactive;2020/06/06;70949.38;david.brown_ANV1338@example.com;2359096055;Poor;TRUE;Admin;Nevada
EMP1339;Grace;Brown;;Pending;2020/10/13;105334.87;grace.brown_HFL1339@example.com;7303064420;Average;FALSE;HR;Florida
EMP1340;Bob;Williams;;Active;2020/07/19;80596.18;bob.williams_DCA1340@example.com;2146147682;Good;FALSE;DevOps;California
EMP1341;Frank;Brown;;Inactive;2024/05/03;72846.37;frank.brown_SIL1341@example.com;4201654234;Good;TRUE;Sales;Illinois
EMP1342;Heidi;Williams;40.0;Pending;2022/02/07;80229.36;heidi.williams_ACA1342@example.com;6778265959;Excellent;FALSE;Admin;California
EMP1343;Grace;Johnson;25.0;Active;2023/12/31;55145.47;grace.johnson_SCA1343@example.com;8931992549;Good;FALSE;Sales;California
EMP1344;Grace;Williams;30.0;Inactive;2022/01/08;;grace.williams_DFL1344@example.com;2727516479;Poor;TRUE;DevOps;Florida
EMP1345;Eva;Davis;40.0;Active;2020/09/28;56110.81;eva.davis_HCA1345@example.com;7279103367;Good;FALSE;HR;California
EMP1346;Grace;Williams;25.0;Inactive;2023/02/09;56514.5;grace.williams_CTX1346@example.com;2963533904;Average;FALSE;Cloud Tech;Texas
EMP1347;Frank;Brown;40.0;Inactive;2022/03/05;104541.84;frank.brown_CCA1347@example.com;5044817765;Good;FALSE;Cloud Tech;California
EMP1348;David;Garcia;;Pending;2022/02/18;61865.12;david.garcia_SNY1348@example.com;5586851275;Excellent;TRUE;Sales;New York
EMP1349;Eva;Davis;40.0;Active;2022/06/09;69317.33;eva.davis_ATX1349@example.com;5289286645;Good;FALSE;Admin;Texas
EMP1350;Bob;Brown;35.0;Pending;2023/07/04;84706.17;bob.brown_HNY1350@example.com;4911110960;Average;FALSE;HR;New York
EMP1351;Heidi;Smith;25.0;Active;2022/03/21;73255.21;heidi.smith_ACA1351@example.com;7981789045;Average;FALSE;Admin;California
EMP1352;Frank;Smith;40.0;Pending;2023/05/02;59528.71;frank.smith_HFL1352@example.com;3378613714;Poor;FALSE;HR;Florida
EMP1353;David;Garcia;40.0;Inactive;2021/10/15;70401.37;david.garcia_HNY1353@example.com;7660538443;Good;TRUE;HR;New York
EMP1354;Heidi;Garcia;;Inactive;2021/07/28;107154.62;heidi.garcia_ACA1354@example.com;4630600024;Average;TRUE;Admin;California
EMP1355;Bob;Davis;;Pending;2021/01/03;97719.88;bob.davis_AIL1355@example.com;8955296385;Excellent;FALSE;Admin;Illinois
EMP1356;Heidi;Johnson;30.0;Pending;2020/05/21;107327.59;heidi.johnson_FCA1356@example.com;3960962625;Poor;FALSE;Finance;California
EMP1357;Grace;Garcia;40.0;Inactive;2021/05/10;67687.72;grace.garcia_ANV1357@example.com;5826312818;Excellent;TRUE;Admin;Nevada
EMP1358;Grace;Smith;40.0;Pending;2022/09/08;90757.08;grace.smith_CFL1358@example.com;6482531105;Good;TRUE;Cloud Tech;Florida
EMP1359;Grace;Williams;;Pending;2024/07/21;87583.42;grace.williams_CCA1359@example.com;;Good;FALSE;Cloud Tech;California
EMP1360;Bob;Brown;25.0;Pending;2021/12/28;61643.69;bob.brown_ANV1360@example.com;2752334382;Good;TRUE;Admin;Nevada
EMP1361;Grace;Smith;35.0;Active;2020/07/20;68111.69;grace.smith_FTX1361@example.com;6404120910;Poor;FALSE;Finance;Texas
EMP1362;David;Smith;40.0;Inactive;2024/04/30;97568.88;david.smith_HFL1362@example.com;7911244210;Average;TRUE;HR;Florida
EMP1363;Charlie;Johnson;35.0;Active;2021/08/28;79118.28;charlie.johnson_CFL1363@example.com;7536170616;Poor;TRUE;Cloud Tech;Florida
EMP1364;Bob;Davis;30.0;Inactive;2022/07/21;104898.9;bob.davis_HCA1364@example.com;1366572239;Excellent;TRUE;HR;California
EMP1365;Frank;Davis;40.0;Pending;2023/11/27;81671.3;frank.davis_CFL1365@example.com;2990155798;Poor;TRUE;Cloud Tech;Florida
EMP1366;Alice;Miller;25.0;Pending;2020/08/11;97399.75;alice.miller_CCA1366@example.com;8028413907;Excellent;FALSE;Cloud Tech;California
EMP1367;David;Johnson;;Active;2021/11/08;89189.43;david.johnson_AIL1367@example.com;;Poor;TRUE;Admin;Illinois
EMP1368;David;Williams;40.0;Active;2023/08/04;96011.55;david.williams_DNY1368@example.com;2312447314;Average;TRUE;DevOps;New York
EMP1369;David;Davis;40.0;Inactive;2020/01/10;99331.49;david.davis_SFL1369@example.com;8477686341;Excellent;FALSE;Sales;Florida
EMP1370;Bob;Brown;;Active;2022/01/19;72818.94;bob.brown_CIL1370@example.com;3461994236;Good;TRUE;Cloud Tech;Illinois
EMP1371;Eva;Garcia;40.0;Inactive;2023/05/07;77204.75;eva.garcia_SNV1371@example.com;6769459195;Good;TRUE;Sales;Nevada
EMP1372;Bob;Johnson;35.0;Pending;2020/12/19;106961.68;bob.johnson_HFL1372@example.com;6395517207;Poor;FALSE;HR;Florida
EMP1373;Eva;Garcia;;Pending;2020/10/01;71923.0;eva.garcia_STX1373@example.com;4964985600;Good;TRUE;Sales;Texas
EMP1374;Bob;Smith;30.0;Active;2022/11/12;77192.43;bob.smith_HNV1374@example.com;2562531354;Excellent;FALSE;HR;Nevada
EMP1375;Grace;Brown;40.0;Pending;2023/01/05;98540.3;grace.brown_AFL1375@example.com;2510505378;Good;FALSE;Admin;Florida
EMP1376;Charlie;Brown;;Inactive;2020/10/14;63096.9;charlie.brown_AFL1376@example.com;5381649382;Average;FALSE;Admin;Florida
EMP1377;Alice;Smith;35.0;Active;2021/02/03;107065.12;alice.smith_CFL1377@example.com;1849196654;Average;FALSE;Cloud Tech;Florida
EMP1378;Heidi;Johnson;40.0;Inactive;2023/12/25;108792.43;heidi.johnson_DFL1378@example.com;3307704610;Poor;TRUE;DevOps;Florida
EMP1379;Bob;Smith;;Inactive;2020/03/07;69239.7;bob.smith_CNY1379@example.com;7295963903;Excellent;FALSE;Cloud Tech;New York
EMP1380;Charlie;Garcia;40.0;Inactive;2023/01/30;85756.42;charlie.garcia_SNV1380@example.com;;Average;TRUE;Sales;Nevada
EMP1381;Eva;Miller;;Active;2024/04/05;100328.62;eva.miller_HIL1381@example.com;;Average;TRUE;HR;Illinois
EMP1382;Grace;Brown;25.0;Active;2021/09/01;111236.69;grace.brown_DNV1382@example.com;5618579063;Excellent;TRUE;DevOps;Nevada
EMP1383;Eva;Jones;35.0;Active;2024/05/07;106832.22;eva.jones_CFL1383@example.com;7715910299;Good;TRUE;Cloud Tech;Florida
EMP1384;Frank;Jones;;Active;2023/06/15;59746.45;frank.jones_DFL1384@example.com;2156321357;Good;TRUE;DevOps;Florida
EMP1385;David;Garcia;25.0;Pending;2021/07/29;91780.04;david.garcia_SCA1385@example.com;;Poor;TRUE;Sales;California
EMP1386;Eva;Williams;35.0;Pending;2023/10/23;107062.66;eva.williams_SCA1386@example.com;9642297124;Good;TRUE;Sales;California
EMP1387;Grace;Davis;25.0;Active;2023/12/07;110625.52;grace.davis_HNV1387@example.com;2967188396;Excellent;TRUE;HR;Nevada
EMP1388;Frank;Smith;30.0;Inactive;2020/10/18;90419.79;frank.smith_DFL1388@example.com;7457314414;Average;TRUE;DevOps;Florida
EMP1389;Grace;Smith;40.0;Pending;2024/06/15;111608.76;grace.smith_FTX1389@example.com;8331170302;Good;TRUE;Finance;Texas
EMP1390;Eva;Williams;35.0;Inactive;2023/04/06;50173.12;eva.williams_FFL1390@example.com;7637153987;Poor;FALSE;Finance;Florida
EMP1391;Bob;Williams;40.0;Pending;2022/01/03;109507.44;bob.williams_DNV1391@example.com;5472812355;Good;FALSE;DevOps;Nevada
EMP1392;Grace;Garcia;30.0;Inactive;2021/07/03;72600.56;grace.garcia_FNY1392@example.com;7983631461;Excellent;FALSE;Finance;New York
EMP1393;Charlie;Garcia;;Pending;2024/04/10;53388.65;charlie.garcia_FCA1393@example.com;4912711306;Poor;TRUE;Finance;California
EMP1394;Heidi;Williams;25.0;Inactive;2022/07/23;50047.32;heidi.williams_CNY1394@example.com;2407875417;Good;FALSE;Cloud Tech;New York
EMP1395;David;Brown;30.0;Active;2024/11/25;115290.79;david.brown_DCA1395@example.com;1563268684;Poor;FALSE;DevOps;California
EMP1396;Frank;Garcia;35.0;Pending;2023/08/21;61586.76;frank.garcia_CCA1396@example.com;;Excellent;FALSE;Cloud Tech;California
EMP1397;Eva;Miller;30.0;Active;2023/12/12;56662.86;eva.miller_FNV1397@example.com;3629489785;Average;TRUE;Finance;Nevada
EMP1398;Bob;Garcia;30.0;Pending;2023/10/24;;bob.garcia_SNY1398@example.com;1031310093;Excellent;TRUE;Sales;New York
EMP1399;Frank;Smith;25.0;Active;2022/09/05;54957.98;frank.smith_FNV1399@example.com;3181439665;Excellent;TRUE;Finance;Nevada
EMP1400;Bob;Garcia;25.0;Inactive;2020/10/07;76790.47;bob.garcia_HCA1400@example.com;1347323548;Excellent;TRUE;HR;California
EMP1401;Charlie;Brown;30.0;Pending;2020/01/18;92722.35;charlie.brown_CIL1401@example.com;4012897431;Excellent;FALSE;Cloud Tech;Illinois
EMP1402;Frank;Williams;30.0;Active;2022/04/23;93125.32;frank.williams_DNV1402@example.com;5122572075;Average;FALSE;DevOps;Nevada
EMP1403;David;Smith;25.0;Active;2023/04/22;101100.64;david.smith_CNY1403@example.com;5024120956;Average;FALSE;Cloud Tech;New York
EMP1404;Grace;Garcia;35.0;Inactive;2023/08/13;55897.41;grace.garcia_ANY1404@example.com;9073710093;Poor;FALSE;Admin;New York
EMP1405;Eva;Brown;25.0;Active;2022/11/26;92484.88;eva.brown_DCA1405@example.com;3882211456;Good;TRUE;DevOps;California
EMP1406;Grace;Miller;35.0;Active;2022/10/10;77011.99;grace.miller_DTX1406@example.com;7584745704;Average;TRUE;DevOps;Texas
EMP1407;Bob;Garcia;;Inactive;2020/09/27;77078.68;bob.garcia_CCA1407@example.com;4589714801;Average;TRUE;Cloud Tech;California
EMP1408;Grace;Brown;35.0;Active;2024/04/11;82971.02;grace.brown_SNV1408@example.com;6325703964;Good;FALSE;Sales;Nevada
EMP1409;Bob;Miller;25.0;Active;2021/06/20;65102.01;bob.miller_STX1409@example.com;3136148781;Average;TRUE;Sales;Texas
EMP1410;Grace;Williams;;Pending;2022/10/23;103697.7;grace.williams_HNV1410@example.com;4556964429;Excellent;TRUE;HR;Nevada
EMP1411;Grace;Garcia;25.0;Pending;2023/06/15;60687.63;grace.garcia_DIL1411@example.com;9859167953;Excellent;FALSE;DevOps;Illinois
EMP1412;Bob;Miller;;Pending;2021/10/31;77351.21;bob.miller_ANY1412@example.com;1072728497;Good;FALSE;Admin;New York
EMP1413;Bob;Smith;35.0;Pending;2024/09/29;66704.62;bob.smith_DFL1413@example.com;2474140702;Poor;TRUE;DevOps;Florida
EMP1414;Grace;Williams;25.0;Pending;2020/04/22;71650.3;grace.williams_FIL1414@example.com;4910740649;Poor;TRUE;Finance;Illinois
EMP1415;Charlie;Smith;25.0;Active;2023/12/07;50794.54;charlie.smith_CNV1415@example.com;;Good;TRUE;Cloud Tech;Nevada
EMP1416;Frank;Jones;;Inactive;2020/12/07;76030.86;frank.jones_SNV1416@example.com;2369143074;Good;TRUE;Sales;Nevada
EMP1417;Eva;Johnson;25.0;Inactive;2021/07/11;86669.79;eva.johnson_CCA1417@example.com;3666144941;Excellent;TRUE;Cloud Tech;California
EMP1418;Bob;Garcia;40.0;Inactive;2020/04/23;84972.7;bob.garcia_FIL1418@example.com;9659234267;Poor;TRUE;Finance;Illinois
EMP1419;Frank;Miller;30.0;Pending;2023/10/12;100594.49;frank.miller_HTX1419@example.com;3441497825;Average;FALSE;HR;Texas
EMP1420;Alice;Johnson;25.0;Active;2022/08/24;75478.35;alice.johnson_CNY1420@example.com;6128758574;Excellent;FALSE;Cloud Tech;New York
EMP1421;Charlie;Johnson;25.0;Pending;2023/09/04;79355.85;charlie.johnson_SNV1421@example.com;6766708060;Good;FALSE;Sales;Nevada
EMP1422;Grace;Miller;35.0;Pending;2022/02/02;58358.07;grace.miller_HTX1422@example.com;2943985297;Poor;TRUE;HR;Texas
EMP1423;Alice;Williams;30.0;Active;2022/04/01;54824.85;alice.williams_AIL1423@example.com;9406260786;Average;FALSE;Admin;Illinois
EMP1424;Eva;Garcia;35.0;Pending;2022/07/24;50557.84;eva.garcia_HTX1424@example.com;;Average;TRUE;HR;Texas
EMP1425;Eva;Jones;;Inactive;2023/04/26;118030.04;eva.jones_AFL1425@example.com;7501980381;Excellent;TRUE;Admin;Florida
EMP1426;David;Smith;;Active;2022/04/19;51673.72;david.smith_ANY1426@example.com;8723244078;Poor;FALSE;Admin;New York
EMP1427;Alice;Brown;35.0;Inactive;2024/10/04;101665.79;alice.brown_CNV1427@example.com;3110291812;Poor;TRUE;Cloud Tech;Nevada
EMP1428;David;Smith;;Inactive;2020/05/02;118079.15;david.smith_AFL1428@example.com;3170876013;Good;TRUE;Admin;Florida
EMP1429;Eva;Brown;25.0;Pending;2022/04/25;99059.28;eva.brown_CNY1429@example.com;6723849790;Poor;FALSE;Cloud Tech;New York
EMP1430;Bob;Smith;;Active;2023/07/29;107397.4;bob.smith_CIL1430@example.com;6202232882;Poor;FALSE;Cloud Tech;Illinois
EMP1431;Alice;Miller;40.0;Active;2021/08/20;68269.37;alice.miller_DNY1431@example.com;7744197545;Excellent;FALSE;DevOps;New York
EMP1432;Grace;Jones;35.0;Inactive;2021/04/23;55228.12;grace.jones_HFL1432@example.com;6176620470;Poor;TRUE;HR;Florida
EMP1433;Bob;Garcia;30.0;Inactive;2022/08/12;71982.33;bob.garcia_CNY1433@example.com;9609409704;Average;FALSE;Cloud Tech;New York
EMP1434;Frank;Brown;30.0;Inactive;2021/06/26;109673.75;frank.brown_FCA1434@example.com;2774025882;Excellent;FALSE;Finance;California
EMP1435;Eva;Garcia;;Inactive;2020/10/30;56384.9;eva.garcia_CNY1435@example.com;5868122594;Excellent;TRUE;Cloud Tech;New York
EMP1436;Frank;Garcia;40.0;Pending;2021/09/04;68211.68;frank.garcia_STX1436@example.com;7244617678;Good;FALSE;Sales;Texas
EMP1437;Alice;Garcia;40.0;Pending;2023/01/31;67489.68;alice.garcia_FIL1437@example.com;2988425994;Poor;FALSE;Finance;Illinois
EMP1438;Charlie;Davis;25.0;Active;2020/09/24;63869.31;charlie.davis_CTX1438@example.com;9961002310;Good;FALSE;Cloud Tech;Texas
EMP1439;Bob;Williams;;Active;2020/02/14;119801.3;bob.williams_SCA1439@example.com;7753312660;Average;TRUE;Sales;California
EMP1440;Heidi;Smith;30.0;Active;2020/03/28;115959.65;heidi.smith_CCA1440@example.com;;Excellent;TRUE;Cloud Tech;California
EMP1441;Grace;Garcia;40.0;Inactive;2023/10/31;79866.48;grace.garcia_FTX1441@example.com;2517629832;Excellent;TRUE;Finance;Texas
EMP1442;Charlie;Smith;35.0;Active;2020/03/11;92987.46;charlie.smith_HFL1442@example.com;4774332682;Excellent;TRUE;HR;Florida
EMP1443;Eva;Garcia;40.0;Inactive;2020/05/04;56140.51;eva.garcia_FIL1443@example.com;1901302055;Average;FALSE;Finance;Illinois
EMP1444;Grace;Brown;30.0;Active;2023/07/15;119586.11;grace.brown_DIL1444@example.com;9815287338;Average;TRUE;DevOps;Illinois
EMP1445;Alice;Williams;40.0;Inactive;2023/01/20;104700.46;alice.williams_DCA1445@example.com;7855982175;Good;TRUE;DevOps;California
EMP1446;Frank;Williams;40.0;Active;2021/10/15;91798.14;frank.williams_HNY1446@example.com;6191284116;Good;FALSE;HR;New York
EMP1447;Eva;Miller;25.0;Inactive;2024/04/19;90879.22;eva.miller_FIL1447@example.com;3098503445;Good;FALSE;Finance;Illinois
EMP1448;Charlie;Davis;25.0;Active;2021/06/29;87358.27;charlie.davis_ANV1448@example.com;5124189388;Poor;FALSE;Admin;Nevada
EMP1449;Alice;Miller;30.0;Inactive;2024/09/14;119407.93;alice.miller_SFL1449@example.com;8469081973;Excellent;TRUE;Sales;Florida
EMP1450;David;Miller;;Pending;2022/01/04;113978.6;david.miller_HNV1450@example.com;;Excellent;TRUE;HR;Nevada
EMP1451;Frank;Miller;;Pending;2021/01/20;108568.78;frank.miller_SNY1451@example.com;8503719904;Good;TRUE;Sales;New York
EMP1452;Heidi;Miller;;Inactive;2020/03/18;56318.02;heidi.miller_HNY1452@example.com;1699187239;Excellent;FALSE;HR;New York
EMP1453;David;Miller;25.0;Active;2021/11/10;114252.73;david.miller_SFL1453@example.com;1078356742;Good;FALSE;Sales;Florida
EMP1454;Charlie;Jones;35.0;Inactive;2020/05/01;51533.9;charlie.jones_DNY1454@example.com;;Poor;TRUE;DevOps;New York
EMP1455;Charlie;Williams;25.0;Active;2022/02/04;99317.66;charlie.williams_SCA1455@example.com;;Poor;FALSE;Sales;California
EMP1456;Bob;Miller;35.0;Active;2020/11/18;101264.64;bob.miller_HCA1456@example.com;1955356032;Average;FALSE;HR;California
EMP1457;Heidi;Garcia;35.0;Pending;2023/11/21;112272.02;heidi.garcia_ANV1457@example.com;1903689002;Poor;FALSE;Admin;Nevada
EMP1458;Frank;Williams;30.0;Active;2022/02/13;71477.63;frank.williams_DIL1458@example.com;;Good;TRUE;DevOps;Illinois
EMP1459;Charlie;Williams;30.0;Pending;2023/03/19;77412.1;charlie.williams_DTX1459@example.com;9342967110;Poor;FALSE;DevOps;Texas
EMP1460;Alice;Johnson;30.0;Pending;2021/03/28;94775.27;alice.johnson_SCA1460@example.com;4837537457;Average;FALSE;Sales;California
EMP1461;Heidi;Jones;30.0;Active;2021/05/02;74276.71;heidi.jones_HNV1461@example.com;4384588104;Excellent;TRUE;HR;Nevada
EMP1462;Bob;Miller;35.0;Inactive;2021/03/05;67467.86;bob.miller_FTX1462@example.com;6974132833;Good;TRUE;Finance;Texas
EMP1463;Eva;Smith;25.0;Active;2022/03/01;80675.41;eva.smith_DTX1463@example.com;8315203770;Excellent;FALSE;DevOps;Texas
EMP1464;Charlie;Brown;40.0;Inactive;2023/01/23;76274.33;charlie.brown_FFL1464@example.com;;Average;FALSE;Finance;Florida
EMP1465;David;Davis;30.0;Active;2021/08/26;51405.46;david.davis_FTX1465@example.com;4967066702;Average;TRUE;Finance;Texas
EMP1466;Bob;Garcia;25.0;Inactive;2020/11/25;101238.96;bob.garcia_HNY1466@example.com;3626804084;Average;TRUE;HR;New York
EMP1467;Bob;Smith;35.0;Inactive;2023/12/13;52169.52;bob.smith_SIL1467@example.com;;Excellent;FALSE;Sales;Illinois
EMP1468;Charlie;Jones;;Active;2020/07/26;73176.62;charlie.jones_FNY1468@example.com;6018648768;Excellent;FALSE;Finance;New York
EMP1469;Grace;Brown;;Pending;2021/06/27;96241.85;grace.brown_DNV1469@example.com;9842673203;Excellent;FALSE;DevOps;Nevada
EMP1470;Bob;Jones;25.0;Pending;2024/09/16;84366.38;bob.jones_FIL1470@example.com;4138459608;Excellent;FALSE;Finance;Illinois
EMP1471;Alice;Garcia;40.0;Pending;2023/07/04;92015.09;alice.garcia_CCA1471@example.com;4544901494;Average;TRUE;Cloud Tech;California
EMP1472;Alice;Williams;30.0;Inactive;2020/06/16;83149.95;alice.williams_ANV1472@example.com;4277070704;Average;FALSE;Admin;Nevada
EMP1473;Grace;Brown;40.0;Inactive;2020/07/05;94930.65;grace.brown_FNV1473@example.com;7836091497;Good;FALSE;Finance;Nevada
EMP1474;Frank;Williams;40.0;Inactive;2020/04/01;68430.72;frank.williams_HNY1474@example.com;5172444722;Good;TRUE;HR;New York
EMP1475;David;Garcia;35.0;Active;2024/03/20;98752.97;david.garcia_STX1475@example.com;2290310286;Excellent;FALSE;Sales;Texas
EMP1476;Frank;Smith;;Active;2023/02/07;54268.86;frank.smith_FIL1476@example.com;9508304404;Poor;TRUE;Finance;Illinois
EMP1477;Grace;Garcia;;Pending;2024/12/10;66494.94;grace.garcia_DFL1477@example.com;8093511870;Poor;FALSE;DevOps;Florida
EMP1478;Grace;Smith;25.0;Pending;2024/06/27;90003.98;grace.smith_SIL1478@example.com;8133595615;Average;FALSE;Sales;Illinois
EMP1479;Charlie;Brown;25.0;Active;2021/03/09;106592.25;charlie.brown_FNY1479@example.com;4205955656;Average;TRUE;Finance;New York
EMP1480;Grace;Brown;25.0;Active;2024/08/11;93905.83;grace.brown_DFL1480@example.com;4902504289;Average;TRUE;DevOps;Florida
EMP1481;Eva;Miller;35.0;Active;2022/03/05;88945.49;eva.miller_DTX1481@example.com;1935889535;Good;FALSE;DevOps;Texas
EMP1482;Eva;Jones;;Pending;2023/06/30;91130.33;eva.jones_FTX1482@example.com;9026113988;Good;FALSE;Finance;Texas
EMP1483;Bob;Miller;40.0;Pending;2023/04/19;90787.4;bob.miller_ANY1483@example.com;8681809787;Average;FALSE;Admin;New York
EMP1484;Bob;Jones;25.0;Inactive;2024/11/11;87494.34;bob.jones_STX1484@example.com;7543943534;Average;TRUE;Sales;Texas
EMP1485;Grace;Miller;35.0;Inactive;2023/03/17;92627.35;grace.miller_FNV1485@example.com;3751376514;Average;FALSE;Finance;Nevada
EMP1486;Eva;Williams;40.0;Pending;2023/10/26;98556.29;eva.williams_AIL1486@example.com;8815793762;Poor;TRUE;Admin;Illinois
EMP1487;Frank;Brown;30.0;Inactive;2021/07/04;112792.2;frank.brown_CNV1487@example.com;9283692943;Good;TRUE;Cloud Tech;Nevada
EMP1488;Eva;Smith;35.0;Pending;2023/11/03;56875.22;eva.smith_HFL1488@example.com;5511668296;Poor;FALSE;HR;Florida
EMP1489;Charlie;Jones;35.0;Inactive;2021/07/05;101015.96;charlie.jones_DFL1489@example.com;3270216486;Poor;TRUE;DevOps;Florida
EMP1490;Bob;Garcia;30.0;Inactive;2024/02/26;83912.22;bob.garcia_FNY1490@example.com;1206021287;Average;FALSE;Finance;New York
EMP1491;Frank;Jones;25.0;Active;2021/09/29;99669.86;frank.jones_SNY1491@example.com;6652683414;Average;FALSE;Sales;New York
EMP1492;Alice;Smith;30.0;Active;2021/05/25;52314.97;alice.smith_ANY1492@example.com;5999101575;Excellent;FALSE;Admin;New York
EMP1493;Frank;Miller;30.0;Inactive;2022/10/31;77785.96;frank.miller_HCA1493@example.com;7647229811;Excellent;FALSE;HR;California
EMP1494;Alice;Jones;30.0;Pending;2022/07/02;62430.86;alice.jones_HFL1494@example.com;;Poor;FALSE;HR;Florida
EMP1495;Frank;Davis;35.0;Pending;2024/08/28;98219.54;frank.davis_ACA1495@example.com;9413475097;Good;TRUE;Admin;California
EMP1496;Grace;Williams;25.0;Active;2024/10/21;65494.58;grace.williams_AIL1496@example.com;8986456521;Average;TRUE;Admin;Illinois
EMP1497;David;Brown;35.0;Pending;2020/02/11;110524.1;david.brown_DFL1497@example.com;;Average;FALSE;DevOps;Florida
EMP1498;Alice;Smith;40.0;Active;2023/05/16;106060.54;alice.smith_ANV1498@example.com;4214477323;Poor;FALSE;Admin;Nevada
EMP1499;Eva;Brown;35.0;Inactive;2022/07/29;67639.91;eva.brown_FFL1499@example.com;4913421387;Excellent;TRUE;Finance;Florida
EMP1500;Grace;Davis;;Pending;2023/09/18;117653.98;grace.davis_CTX1500@example.com;2090883069;Good;TRUE;Cloud Tech;Texas
EMP1501;Eva;Jones;35.0;Inactive;2020/05/10;73539.86;eva.jones_DTX1501@example.com;5349678273;Excellent;TRUE;DevOps;Texas
EMP1502;Frank;Jones;35.0;Pending;2023/08/27;70915.38;frank.jones_HNV1502@example.com;1176741240;Excellent;TRUE;HR;Nevada
EMP1503;David;Garcia;25.0;Pending;2021/10/16;97652.9;david.garcia_SFL1503@example.com;5131528546;Excellent;FALSE;Sales;Florida
EMP1504;Heidi;Davis;35.0;Inactive;2022/03/06;101571.25;heidi.davis_HFL1504@example.com;8150618537;Excellent;FALSE;HR;Florida
EMP1505;David;Smith;35.0;Active;2023/11/06;87424.46;david.smith_DNV1505@example.com;;Average;TRUE;DevOps;Nevada
EMP1506;Frank;Garcia;;Pending;2024/11/30;89077.36;frank.garcia_HNY1506@example.com;2727423182;Average;FALSE;HR;New York
EMP1507;Heidi;Williams;30.0;Pending;2024/07/13;89132.22;heidi.williams_DCA1507@example.com;;Excellent;TRUE;DevOps;California
EMP1508;Frank;Garcia;25.0;Active;2024/03/04;111000.26;frank.garcia_ACA1508@example.com;4969357823;Good;FALSE;Admin;California
EMP1509;Frank;Johnson;35.0;Inactive;2022/08/07;109584.97;frank.johnson_HIL1509@example.com;3477695873;Poor;TRUE;HR;Illinois
EMP1510;Bob;Smith;40.0;Active;2024/11/11;97648.84;bob.smith_AIL1510@example.com;1314675360;Good;FALSE;Admin;Illinois
EMP1511;Grace;Johnson;25.0;Active;2021/12/02;78643.43;grace.johnson_ANY1511@example.com;2751562778;Good;TRUE;Admin;New York
EMP1512;Heidi;Davis;30.0;Active;2024/05/14;55656.8;heidi.davis_HNV1512@example.com;6304483607;Good;TRUE;HR;Nevada
EMP1513;Charlie;Miller;35.0;Active;2022/07/14;69146.95;charlie.miller_DTX1513@example.com;5456676639;Excellent;FALSE;DevOps;Texas
EMP1514;Charlie;Johnson;;Active;2020/09/22;93013.58;charlie.johnson_AFL1514@example.com;4735047638;Average;TRUE;Admin;Florida
EMP1515;Grace;Williams;40.0;Active;2020/03/18;87364.78;grace.williams_FFL1515@example.com;2831995297;Good;FALSE;Finance;Florida
EMP1516;Alice;Garcia;35.0;Active;2023/10/17;50288.67;alice.garcia_SNY1516@example.com;;Excellent;FALSE;Sales;New York
EMP1517;David;Miller;35.0;Active;2022/02/24;85233.55;david.miller_HNY1517@example.com;3583286341;Good;TRUE;HR;New York
EMP1518;Bob;Garcia;25.0;Inactive;2024/01/30;86420.19;bob.garcia_HCA1518@example.com;5563830007;Good;FALSE;HR;California
EMP1519;Grace;Johnson;30.0;Inactive;2024/03/16;63189.82;grace.johnson_HFL1519@example.com;1867024402;Excellent;FALSE;HR;Florida
EMP1520;Grace;Garcia;25.0;Pending;2020/09/25;64783.32;grace.garcia_ANY1520@example.com;3041662410;Average;FALSE;Admin;New York
EMP1521;Charlie;Davis;25.0;Pending;2024/06/10;52615.44;charlie.davis_HNV1521@example.com;1860089218;Average;FALSE;HR;Nevada
EMP1522;Eva;Miller;;Pending;2020/04/08;96337.89;eva.miller_STX1522@example.com;6394568043;Poor;FALSE;Sales;Texas
EMP1523;Alice;Davis;25.0;Inactive;2022/06/28;76617.76;alice.davis_DTX1523@example.com;7314976460;Excellent;TRUE;DevOps;Texas
EMP1524;Heidi;Johnson;30.0;Pending;2023/07/14;50651.32;heidi.johnson_ANV1524@example.com;3684748835;Poor;FALSE;Admin;Nevada
EMP1525;Bob;Davis;;Pending;2023/12/06;59601.45;bob.davis_HIL1525@example.com;;Poor;FALSE;HR;Illinois
EMP1526;Bob;Williams;;Active;2021/08/01;57980.88;bob.williams_DIL1526@example.com;6375791451;Poor;FALSE;DevOps;Illinois
EMP1527;David;Johnson;;Pending;2021/02/17;75054.53;david.johnson_ACA1527@example.com;1182379311;Average;FALSE;Admin;California
EMP1528;Charlie;Johnson;25.0;Active;2023/11/10;115318.7;charlie.johnson_SFL1528@example.com;6978930745;Excellent;FALSE;Sales;Florida
EMP1529;Alice;Johnson;25.0;Active;2024/09/06;90190.69;alice.johnson_DTX1529@example.com;4520599603;Poor;TRUE;DevOps;Texas
EMP1530;Bob;Smith;;Pending;2020/07/26;113334.56;bob.smith_CNV1530@example.com;3878753576;Excellent;FALSE;Cloud Tech;Nevada
EMP1531;Heidi;Garcia;35.0;Active;2020/07/23;106922.49;heidi.garcia_HFL1531@example.com;8811616201;Excellent;TRUE;HR;Florida
EMP1532;Eva;Smith;35.0;Inactive;2024/02/21;58113.07;eva.smith_DCA1532@example.com;8123710671;Average;TRUE;DevOps;California
EMP1533;Alice;Smith;25.0;Pending;2020/12/15;73006.26;alice.smith_ANV1533@example.com;8728660415;Poor;TRUE;Admin;Nevada
EMP1534;Eva;Williams;25.0;Active;2020/08/21;78054.43;eva.williams_HCA1534@example.com;4485959223;Poor;TRUE;HR;California
EMP1535;Eva;Miller;40.0;Inactive;2023/08/21;112028.67;eva.miller_DFL1535@example.com;8395894772;Excellent;FALSE;DevOps;Florida
EMP1536;Charlie;Garcia;25.0;Inactive;2023/04/24;83787.24;charlie.garcia_ATX1536@example.com;5228705621;Good;TRUE;Admin;Texas
EMP1537;Heidi;Davis;30.0;Inactive;2023/06/06;52017.14;heidi.davis_SFL1537@example.com;7104331874;Average;TRUE;Sales;Florida
EMP1538;Charlie;Jones;40.0;Inactive;2022/06/21;53218.06;charlie.jones_FTX1538@example.com;1097921582;Average;FALSE;Finance;Texas
EMP1539;Frank;Johnson;25.0;Pending;2024/04/20;102053.67;frank.johnson_DNV1539@example.com;5034469458;Average;FALSE;DevOps;Nevada
EMP1540;David;Davis;35.0;Pending;2023/12/05;93276.73;david.davis_SIL1540@example.com;6488319212;Average;FALSE;Sales;Illinois
EMP1541;David;Johnson;40.0;Pending;2023/08/06;76941.36;david.johnson_HNV1541@example.com;4249128964;Poor;TRUE;HR;Nevada
EMP1542;Alice;Williams;25.0;Pending;2024/10/04;82850.23;alice.williams_DNY1542@example.com;9994973202;Poor;FALSE;DevOps;New York
EMP1543;Charlie;Johnson;25.0;Active;2021/11/08;117910.15;charlie.johnson_FCA1543@example.com;3192227050;Good;FALSE;Finance;California
EMP1544;David;Smith;;Inactive;2024/07/31;66450.0;david.smith_DFL1544@example.com;;Average;TRUE;DevOps;Florida
EMP1545;Heidi;Garcia;25.0;Inactive;2020/08/31;118646.95;heidi.garcia_FFL1545@example.com;3866675484;Average;FALSE;Finance;Florida
EMP1546;Alice;Jones;25.0;Active;2023/02/15;88436.92;alice.jones_FFL1546@example.com;8193242686;Excellent;FALSE;Finance;Florida
EMP1547;Eva;Brown;;Pending;2023/10/07;81934.55;eva.brown_SNY1547@example.com;7418652056;Poor;FALSE;Sales;New York
EMP1548;Alice;Johnson;30.0;Pending;2024/04/20;93383.06;alice.johnson_FCA1548@example.com;5639836519;Average;FALSE;Finance;California
EMP1549;Frank;Davis;40.0;Pending;2021/03/30;50153.79;frank.davis_CTX1549@example.com;3758309450;Good;TRUE;Cloud Tech;Texas
EMP1550;Eva;Smith;;Pending;2020/08/05;53204.47;eva.smith_SCA1550@example.com;5480940475;Good;FALSE;Sales;California
EMP1551;Charlie;Brown;40.0;Pending;2021/02/05;63128.04;charlie.brown_CCA1551@example.com;;Poor;FALSE;Cloud Tech;California
EMP1552;Grace;Jones;30.0;Pending;2021/11/23;57543.6;grace.jones_FNY1552@example.com;2781050921;Good;TRUE;Finance;New York
EMP1553;Bob;Brown;40.0;Pending;2022/10/29;59424.52;bob.brown_FNV1553@example.com;2161070517;Good;FALSE;Finance;Nevada
EMP1554;Alice;Smith;;Inactive;2022/11/07;104675.7;alice.smith_FIL1554@example.com;4390552957;Poor;TRUE;Finance;Illinois
EMP1555;Charlie;Garcia;30.0;Pending;2023/05/14;92431.25;charlie.garcia_CFL1555@example.com;;Average;FALSE;Cloud Tech;Florida
EMP1556;Grace;Garcia;40.0;Active;2021/07/14;77850.9;grace.garcia_SNV1556@example.com;2704938619;Average;TRUE;Sales;Nevada
EMP1557;Eva;Miller;40.0;Inactive;2023/05/18;99001.0;eva.miller_ANY1557@example.com;4485157918;Good;TRUE;Admin;New York
EMP1558;Eva;Garcia;;Pending;2023/02/07;94280.83;eva.garcia_HNV1558@example.com;7111212589;Good;TRUE;HR;Nevada
EMP1559;Eva;Miller;35.0;Pending;2023/08/24;118262.56;eva.miller_DNY1559@example.com;2035713431;Average;TRUE;DevOps;New York
EMP1560;Frank;Brown;25.0;Inactive;2023/04/08;89944.67;frank.brown_HIL1560@example.com;4064242955;Poor;FALSE;HR;Illinois
EMP1561;Grace;Williams;;Active;2022/12/06;57452.93;grace.williams_HFL1561@example.com;3343244740;Good;TRUE;HR;Florida
EMP1562;Alice;Davis;25.0;Active;2021/08/09;97837.32;alice.davis_ACA1562@example.com;7595587208;Excellent;FALSE;Admin;California
EMP1563;Alice;Davis;35.0;Active;2022/01/04;106981.84;alice.davis_AIL1563@example.com;6289365434;Poor;TRUE;Admin;Illinois
EMP1564;David;Brown;;Pending;2024/05/25;105778.36;david.brown_FNY1564@example.com;8841834373;Good;TRUE;Finance;New York
EMP1565;Alice;Johnson;40.0;Pending;2021/10/02;117608.32;alice.johnson_FFL1565@example.com;;Good;TRUE;Finance;Florida
EMP1566;Eva;Johnson;30.0;Active;2023/07/21;99324.03;eva.johnson_SFL1566@example.com;9690515025;Excellent;FALSE;Sales;Florida
EMP1567;David;Garcia;30.0;Active;2023/10/30;55212.83;david.garcia_HFL1567@example.com;7551254277;Excellent;TRUE;HR;Florida
EMP1568;Bob;Davis;40.0;Inactive;2023/02/13;68496.77;bob.davis_CFL1568@example.com;2079799666;Average;FALSE;Cloud Tech;Florida
EMP1569;Eva;Davis;25.0;Pending;2020/11/13;52795.84;eva.davis_HFL1569@example.com;3459576402;Poor;FALSE;HR;Florida
EMP1570;Alice;Miller;;Inactive;2024/06/05;90087.39;alice.miller_DCA1570@example.com;8166496901;Poor;FALSE;DevOps;California
EMP1571;Frank;Williams;;Pending;2020/05/19;105038.08;frank.williams_ANY1571@example.com;8249839224;Average;FALSE;Admin;New York
EMP1572;Grace;Smith;25.0;Active;2023/09/20;73231.85;grace.smith_HNY1572@example.com;;Poor;FALSE;HR;New York
EMP1573;David;Johnson;;Pending;2024/08/13;102649.36;david.johnson_SFL1573@example.com;2324412335;Poor;FALSE;Sales;Florida
EMP1574;Bob;Davis;35.0;Pending;2023/06/10;114302.51;bob.davis_FNY1574@example.com;1328507250;Poor;FALSE;Finance;New York
EMP1575;Alice;Miller;35.0;Inactive;2021/06/09;87816.61;alice.miller_FTX1575@example.com;7863767315;Poor;FALSE;Finance;Texas
EMP1576;Frank;Jones;;Inactive;2020/03/30;70750.38;frank.jones_SFL1576@example.com;2526546967;Poor;FALSE;Sales;Florida
EMP1577;Frank;Miller;;Active;2024/05/02;;frank.miller_CTX1577@example.com;1579039234;Excellent;TRUE;Cloud Tech;Texas
EMP1578;Bob;Johnson;30.0;Active;2024/11/06;97978.36;bob.johnson_DNV1578@example.com;5580996131;Poor;TRUE;DevOps;Nevada
EMP1579;David;Johnson;;Inactive;2023/08/17;107172.8;david.johnson_DNV1579@example.com;7303461561;Excellent;TRUE;DevOps;Nevada
EMP1580;Charlie;Miller;25.0;Inactive;2020/03/18;56126.46;charlie.miller_FNV1580@example.com;6244670461;Poor;TRUE;Finance;Nevada
EMP1581;Eva;Smith;;Active;2021/06/13;78534.29;eva.smith_CIL1581@example.com;2681715159;Average;TRUE;Cloud Tech;Illinois
EMP1582;Grace;Brown;40.0;Inactive;2023/10/10;;grace.brown_HTX1582@example.com;2529867075;Good;FALSE;HR;Texas
EMP1583;Bob;Johnson;;Active;2022/01/02;114963.34;bob.johnson_CNV1583@example.com;6046419784;Excellent;FALSE;Cloud Tech;Nevada
EMP1584;Eva;Miller;;Inactive;2022/02/20;77657.93;eva.miller_CCA1584@example.com;7585126860;Poor;FALSE;Cloud Tech;California
EMP1585;Heidi;Davis;30.0;Active;2024/03/09;77369.48;heidi.davis_SNY1585@example.com;2059438975;Average;FALSE;Sales;New York
EMP1586;Eva;Miller;30.0;Pending;2023/08/19;76119.14;eva.miller_HNV1586@example.com;;Good;FALSE;HR;Nevada
EMP1587;Charlie;Williams;25.0;Pending;2023/05/06;77585.72;charlie.williams_CTX1587@example.com;5465408423;Excellent;FALSE;Cloud Tech;Texas
EMP1588;Bob;Brown;35.0;Pending;2024/01/26;74069.62;bob.brown_ANV1588@example.com;5607540914;Good;FALSE;Admin;Nevada
EMP1589;Charlie;Jones;30.0;Pending;2024/09/05;67691.92;charlie.jones_ANY1589@example.com;;Average;TRUE;Admin;New York
EMP1590;Alice;Smith;;Pending;2020/05/29;70345.69;alice.smith_FNV1590@example.com;7645793896;Excellent;TRUE;Finance;Nevada
EMP1591;Bob;Garcia;30.0;Inactive;2021/11/08;74999.69;bob.garcia_DIL1591@example.com;;Good;TRUE;DevOps;Illinois
EMP1592;David;Jones;25.0;Active;2021/01/31;72245.02;david.jones_HIL1592@example.com;1546602415;Poor;TRUE;HR;Illinois
EMP1593;Eva;Brown;;Pending;2022/01/16;106538.98;eva.brown_AIL1593@example.com;1394498829;Excellent;FALSE;Admin;Illinois
EMP1594;Charlie;Brown;25.0;Active;2023/12/29;101787.14;charlie.brown_HNY1594@example.com;5973642479;Good;FALSE;HR;New York
EMP1595;Frank;Brown;30.0;Inactive;2024/12/02;83596.78;frank.brown_DNV1595@example.com;9624406305;Average;FALSE;DevOps;Nevada
EMP1596;Eva;Jones;40.0;Active;2023/08/15;92463.94;eva.jones_STX1596@example.com;2447951329;Average;TRUE;Sales;Texas
EMP1597;Charlie;Davis;;Pending;2024/12/20;93863.32;charlie.davis_ACA1597@example.com;5319497968;Excellent;FALSE;Admin;California
EMP1598;Alice;Brown;;Pending;2023/03/31;78359.41;alice.brown_DTX1598@example.com;5867805554;Good;FALSE;DevOps;Texas
EMP1599;Alice;Miller;;Pending;2022/08/24;95773.57;alice.miller_HIL1599@example.com;7277382645;Excellent;FALSE;HR;Illinois
EMP1600;Grace;Jones;30.0;Inactive;2020/10/01;82529.08;grace.jones_SNV1600@example.com;;Excellent;TRUE;Sales;Nevada
EMP1601;Grace;Garcia;35.0;Pending;2021/05/04;109358.73;grace.garcia_STX1601@example.com;4457702991;Good;FALSE;Sales;Texas
EMP1602;Charlie;Brown;;Active;2021/01/01;89645.01;charlie.brown_AFL1602@example.com;9596604872;Good;TRUE;Admin;Florida
EMP1603;Charlie;Miller;40.0;Active;2024/04/08;84134.95;charlie.miller_HTX1603@example.com;6826911632;Poor;TRUE;HR;Texas
EMP1604;Frank;Davis;30.0;Active;2022/11/26;113540.83;frank.davis_CNV1604@example.com;1942268652;Good;TRUE;Cloud Tech;Nevada
EMP1605;Heidi;Williams;40.0;Pending;2021/10/25;57225.75;heidi.williams_CTX1605@example.com;6945515887;Average;TRUE;Cloud Tech;Texas
EMP1606;Eva;Davis;35.0;Pending;2020/12/22;76366.17;eva.davis_SIL1606@example.com;6367747225;Excellent;FALSE;Sales;Illinois
EMP1607;Bob;Garcia;;Active;2022/11/23;78408.95;bob.garcia_HFL1607@example.com;4085721695;Excellent;TRUE;HR;Florida
EMP1608;Frank;Brown;40.0;Active;2022/10/24;111742.4;frank.brown_FIL1608@example.com;6630932997;Average;TRUE;Finance;Illinois
EMP1609;David;Garcia;25.0;Inactive;2021/03/09;60516.83;david.garcia_SNV1609@example.com;1996059328;Good;FALSE;Sales;Nevada
EMP1610;Bob;Jones;30.0;Pending;2020/08/20;83706.17;bob.jones_FCA1610@example.com;7150968831;Average;FALSE;Finance;California
EMP1611;David;Johnson;;Inactive;2020/02/15;67056.92;david.johnson_ANV1611@example.com;7532735240;Average;TRUE;Admin;Nevada
EMP1612;Charlie;Brown;30.0;Active;2024/12/29;90058.85;charlie.brown_DIL1612@example.com;;Poor;FALSE;DevOps;Illinois
EMP1613;Eva;Johnson;30.0;Pending;2023/02/28;94633.59;eva.johnson_SFL1613@example.com;7819523709;Average;TRUE;Sales;Florida
EMP1614;Eva;Miller;25.0;Pending;2022/08/23;110711.17;eva.miller_AFL1614@example.com;;Excellent;TRUE;Admin;Florida
EMP1615;Grace;Williams;;Active;2023/06/30;96175.41;grace.williams_AIL1615@example.com;9807704604;Average;TRUE;Admin;Illinois
EMP1616;Frank;Smith;40.0;Active;2021/04/15;76474.79;frank.smith_SIL1616@example.com;6876112490;Excellent;TRUE;Sales;Illinois
EMP1617;Alice;Garcia;30.0;Pending;2022/05/09;107855.99;alice.garcia_SIL1617@example.com;2565237340;Excellent;FALSE;Sales;Illinois
EMP1618;Charlie;Davis;40.0;Active;2024/12/02;104870.78;charlie.davis_SIL1618@example.com;5177345474;Excellent;TRUE;Sales;Illinois
EMP1619;Bob;Williams;25.0;Active;2023/05/20;;bob.williams_FNV1619@example.com;7494902283;Good;FALSE;Finance;Nevada
EMP1620;Grace;Brown;;Active;2023/11/29;87087.16;grace.brown_FCA1620@example.com;;Poor;FALSE;Finance;California
EMP1621;Heidi;Johnson;40.0;Pending;2024/04/08;108603.34;heidi.johnson_HIL1621@example.com;7742229463;Excellent;FALSE;HR;Illinois
EMP1622;Grace;Davis;30.0;Active;2024/10/25;55867.23;grace.davis_HFL1622@example.com;3039429044;Excellent;FALSE;HR;Florida
EMP1623;Grace;Johnson;35.0;Pending;2024/03/02;105259.57;grace.johnson_ATX1623@example.com;8867925297;Good;TRUE;Admin;Texas
EMP1624;Bob;Jones;;Pending;2021/02/24;98143.67;bob.jones_CFL1624@example.com;5856728726;Excellent;FALSE;Cloud Tech;Florida
EMP1625;Frank;Johnson;25.0;Pending;2023/04/13;67754.29;frank.johnson_AFL1625@example.com;6015343323;Average;TRUE;Admin;Florida
EMP1626;Grace;Jones;;Inactive;2023/10/25;77821.79;grace.jones_HIL1626@example.com;9135779082;Average;FALSE;HR;Illinois
EMP1627;Heidi;Miller;30.0;Pending;2022/09/17;67764.44;heidi.miller_HIL1627@example.com;3506158147;Poor;FALSE;HR;Illinois
EMP1628;Frank;Davis;40.0;Pending;2020/08/31;102346.99;frank.davis_DNY1628@example.com;8810798333;Excellent;TRUE;DevOps;New York
EMP1629;Charlie;Davis;25.0;Inactive;2024/05/28;73690.65;charlie.davis_AIL1629@example.com;2337209483;Good;TRUE;Admin;Illinois
EMP1630;Alice;Smith;30.0;Active;2024/07/05;56376.2;alice.smith_FNV1630@example.com;1312840332;Average;TRUE;Finance;Nevada
EMP1631;Grace;Brown;25.0;Active;2022/01/29;55602.78;grace.brown_CCA1631@example.com;9977180512;Good;FALSE;Cloud Tech;California
EMP1632;Grace;Jones;40.0;Pending;2021/08/09;99812.41;grace.jones_SNV1632@example.com;7171731892;Good;FALSE;Sales;Nevada
EMP1633;Charlie;Smith;40.0;Active;2024/10/07;95981.9;charlie.smith_FTX1633@example.com;9749096172;Average;TRUE;Finance;Texas
EMP1634;Eva;Johnson;30.0;Pending;2022/11/22;98891.48;eva.johnson_CIL1634@example.com;9970469471;Good;TRUE;Cloud Tech;Illinois
EMP1635;Alice;Johnson;35.0;Active;2020/11/18;56079.0;alice.johnson_ANV1635@example.com;5878444834;Average;TRUE;Admin;Nevada
EMP1636;Grace;Smith;35.0;Inactive;2023/04/15;;grace.smith_DFL1636@example.com;4884712704;Good;TRUE;DevOps;Florida
EMP1637;Bob;Davis;25.0;Pending;2024/08/26;89137.97;bob.davis_SCA1637@example.com;8772216416;Average;FALSE;Sales;California
EMP1638;Frank;Johnson;35.0;Active;2022/07/20;115079.97;frank.johnson_AIL1638@example.com;5823133483;Excellent;TRUE;Admin;Illinois
EMP1639;Eva;Garcia;30.0;Active;2023/02/18;55067.02;eva.garcia_FIL1639@example.com;5871493924;Poor;TRUE;Finance;Illinois
EMP1640;Bob;Miller;;Pending;2021/05/27;98593.43;bob.miller_HIL1640@example.com;2362292586;Average;TRUE;HR;Illinois
EMP1641;Heidi;Miller;30.0;Pending;2022/08/01;112756.67;heidi.miller_HFL1641@example.com;9643474523;Average;TRUE;HR;Florida
EMP1642;Heidi;Garcia;25.0;Inactive;2023/07/21;105205.92;heidi.garcia_HTX1642@example.com;5557469659;Poor;FALSE;HR;Texas
EMP1643;David;Smith;35.0;Pending;2023/01/02;50680.62;david.smith_FCA1643@example.com;6065274032;Average;TRUE;Finance;California
EMP1644;David;Garcia;35.0;Pending;2024/03/13;107475.23;david.garcia_CFL1644@example.com;4450566587;Average;FALSE;Cloud Tech;Florida
EMP1645;Charlie;Jones;40.0;Active;2023/03/20;68835.3;charlie.jones_HCA1645@example.com;3398741131;Good;TRUE;HR;California
EMP1646;David;Jones;40.0;Active;2024/02/15;66943.96;david.jones_DNY1646@example.com;5797067348;Poor;TRUE;DevOps;New York
EMP1647;David;Smith;30.0;Inactive;2020/11/15;104525.69;david.smith_AIL1647@example.com;9601054856;Excellent;FALSE;Admin;Illinois
EMP1648;Bob;Garcia;40.0;Pending;2020/03/27;109360.74;bob.garcia_STX1648@example.com;4172156228;Average;TRUE;Sales;Texas
EMP1649;Frank;Jones;40.0;Inactive;2021/01/09;118907.63;frank.jones_SCA1649@example.com;4938173597;Poor;FALSE;Sales;California
EMP1650;Eva;Davis;40.0;Active;2020/04/20;86801.48;eva.davis_AIL1650@example.com;4884021556;Good;FALSE;Admin;Illinois
EMP1651;Alice;Garcia;;Pending;2024/05/08;62236.03;alice.garcia_HFL1651@example.com;3257375533;Excellent;TRUE;HR;Florida
EMP1652;Heidi;Davis;35.0;Active;2023/10/12;64752.67;heidi.davis_DTX1652@example.com;4902166669;Poor;FALSE;DevOps;Texas
EMP1653;Frank;Jones;35.0;Active;2023/01/28;68399.43;frank.jones_SCA1653@example.com;8085096084;Excellent;FALSE;Sales;California
EMP1654;Frank;Miller;35.0;Inactive;2021/03/07;79336.51;frank.miller_AFL1654@example.com;8749511917;Excellent;FALSE;Admin;Florida
EMP1655;Frank;Jones;40.0;Active;2023/03/16;59179.74;frank.jones_HFL1655@example.com;1828197930;Excellent;FALSE;HR;Florida
EMP1656;David;Davis;25.0;Active;2023/02/11;80255.31;david.davis_DCA1656@example.com;6477251294;Average;FALSE;DevOps;California
EMP1657;Charlie;Williams;30.0;Active;2022/05/13;84971.85;charlie.williams_FTX1657@example.com;7860694095;Average;FALSE;Finance;Texas
EMP1658;Frank;Brown;40.0;Pending;2024/10/24;89748.42;frank.brown_HCA1658@example.com;;Good;FALSE;HR;California
EMP1659;Charlie;Johnson;25.0;Inactive;2024/09/14;94090.35;charlie.johnson_ACA1659@example.com;8739592322;Good;FALSE;Admin;California
EMP1660;Frank;Garcia;35.0;Pending;2023/02/15;115229.12;frank.garcia_HCA1660@example.com;4210890284;Poor;TRUE;HR;California
EMP1661;Alice;Williams;40.0;Pending;2023/05/25;63927.07;alice.williams_CCA1661@example.com;1553334263;Good;TRUE;Cloud Tech;California
EMP1662;Charlie;Jones;35.0;Pending;2022/11/11;84124.56;charlie.jones_HCA1662@example.com;3350271606;Excellent;FALSE;HR;California
EMP1663;Bob;Miller;40.0;Inactive;2023/07/17;116961.61;bob.miller_SCA1663@example.com;3607763368;Excellent;TRUE;Sales;California
EMP1664;Frank;Smith;40.0;Pending;2022/04/08;109423.05;frank.smith_DIL1664@example.com;1128981230;Average;FALSE;DevOps;Illinois
EMP1665;Charlie;Jones;35.0;Inactive;2023/08/30;70394.94;charlie.jones_ACA1665@example.com;7955633184;Excellent;FALSE;Admin;California
EMP1666;Grace;Miller;35.0;Pending;2023/04/17;86465.5;grace.miller_FCA1666@example.com;7481700665;Poor;TRUE;Finance;California
EMP1667;Charlie;Brown;30.0;Pending;2021/04/25;96341.58;charlie.brown_CNY1667@example.com;1554164315;Excellent;FALSE;Cloud Tech;New York
EMP1668;Bob;Jones;30.0;Active;2020/07/14;54465.47;bob.jones_AFL1668@example.com;7045023289;Excellent;FALSE;Admin;Florida
EMP1669;Alice;Davis;25.0;Active;2020/07/31;68371.66;alice.davis_FIL1669@example.com;2822700933;Poor;FALSE;Finance;Illinois
EMP1670;Grace;Smith;35.0;Pending;2021/08/04;81021.23;grace.smith_ANY1670@example.com;5962622821;Good;FALSE;Admin;New York
EMP1671;Charlie;Miller;25.0;Inactive;2024/10/28;114069.07;charlie.miller_CNV1671@example.com;5120734653;Good;TRUE;Cloud Tech;Nevada
EMP1672;Heidi;Miller;;Inactive;2020/10/03;117867.96;heidi.miller_HIL1672@example.com;9500507025;Poor;FALSE;HR;Illinois
EMP1673;Charlie;Miller;;Pending;2024/03/13;94509.58;charlie.miller_SFL1673@example.com;;Average;FALSE;Sales;Florida
EMP1674;Eva;Brown;35.0;Active;2024/07/06;56268.78;eva.brown_FIL1674@example.com;3161177686;Excellent;FALSE;Finance;Illinois
EMP1675;Grace;Jones;35.0;Active;2020/01/01;86632.14;grace.jones_ACA1675@example.com;2904774257;Poor;TRUE;Admin;California
EMP1676;Charlie;Brown;35.0;Pending;2020/01/18;98143.9;charlie.brown_HFL1676@example.com;5917793237;Excellent;FALSE;HR;Florida
EMP1677;Heidi;Garcia;35.0;Inactive;2023/05/07;;heidi.garcia_CFL1677@example.com;2231164912;Average;TRUE;Cloud Tech;Florida
EMP1678;Frank;Johnson;30.0;Inactive;2022/03/19;67492.73;frank.johnson_FIL1678@example.com;3424579888;Excellent;TRUE;Finance;Illinois
EMP1679;Grace;Johnson;40.0;Active;2022/05/14;93772.61;grace.johnson_ACA1679@example.com;4256529059;Poor;FALSE;Admin;California
EMP1680;Eva;Garcia;35.0;Pending;2024/07/14;68817.54;eva.garcia_DNV1680@example.com;3202032649;Excellent;FALSE;DevOps;Nevada
EMP1681;Bob;Jones;30.0;Active;2023/07/28;81874.01;bob.jones_ACA1681@example.com;9775396736;Good;TRUE;Admin;California
EMP1682;Heidi;Davis;30.0;Active;2020/04/11;117880.14;heidi.davis_HTX1682@example.com;9487148551;Average;FALSE;HR;Texas
EMP1683;Bob;Brown;35.0;Pending;2022/06/16;100897.49;bob.brown_HNY1683@example.com;4578715840;Average;TRUE;HR;New York
EMP1684;Charlie;Smith;25.0;Inactive;2022/05/10;71810.37;charlie.smith_FNY1684@example.com;5608213710;Average;TRUE;Finance;New York
EMP1685;Frank;Miller;40.0;Inactive;2020/06/13;109048.24;frank.miller_DTX1685@example.com;8425476817;Poor;FALSE;DevOps;Texas
EMP1686;Alice;Miller;35.0;Pending;2022/08/20;62712.26;alice.miller_FTX1686@example.com;2683230357;Average;FALSE;Finance;Texas
EMP1687;Eva;Jones;40.0;Pending;2021/05/24;76935.85;eva.jones_CTX1687@example.com;9298808582;Good;TRUE;Cloud Tech;Texas
EMP1688;David;Davis;25.0;Pending;2024/04/27;56577.22;david.davis_AFL1688@example.com;8252129327;Poor;TRUE;Admin;Florida
EMP1689;David;Johnson;40.0;Inactive;2021/10/23;61102.8;david.johnson_FNV1689@example.com;9634064685;Good;TRUE;Finance;Nevada
EMP1690;Bob;Johnson;35.0;Inactive;2021/02/10;75229.87;bob.johnson_FNV1690@example.com;7752401483;Excellent;TRUE;Finance;Nevada
EMP1691;David;Miller;25.0;Inactive;2021/10/26;51054.74;david.miller_ANV1691@example.com;3991062271;Excellent;FALSE;Admin;Nevada
EMP1692;Bob;Jones;40.0;Active;2023/04/05;104843.27;bob.jones_ATX1692@example.com;3626693350;Excellent;FALSE;Admin;Texas
EMP1693;Charlie;Brown;35.0;Active;2022/10/20;56398.11;charlie.brown_CNY1693@example.com;3426192371;Excellent;FALSE;Cloud Tech;New York
EMP1694;Alice;Johnson;25.0;Active;2023/12/07;87544.73;alice.johnson_HNV1694@example.com;4501848196;Good;FALSE;HR;Nevada
EMP1695;Heidi;Brown;30.0;Pending;2024/03/29;74312.24;heidi.brown_HIL1695@example.com;3741897214;Poor;FALSE;HR;Illinois
EMP1696;David;Davis;25.0;Inactive;2024/01/23;59431.25;david.davis_DFL1696@example.com;4064176926;Poor;TRUE;DevOps;Florida
EMP1697;Heidi;Johnson;40.0;Pending;2023/11/28;84306.44;heidi.johnson_SCA1697@example.com;4381199536;Average;FALSE;Sales;California
EMP1698;Frank;Johnson;35.0;Inactive;2024/11/11;108194.47;frank.johnson_DFL1698@example.com;6601444855;Good;FALSE;DevOps;Florida
EMP1699;Charlie;Williams;25.0;Inactive;2021/08/28;107359.3;charlie.williams_SNY1699@example.com;4510173972;Excellent;FALSE;Sales;New York
EMP1700;Heidi;Johnson;25.0;Inactive;2024/02/11;;heidi.johnson_DIL1700@example.com;9641789968;Good;FALSE;DevOps;Illinois
EMP1701;Frank;Garcia;;Pending;2020/05/09;96080.26;frank.garcia_ACA1701@example.com;8609191910;Average;FALSE;Admin;California
EMP1702;Grace;Smith;30.0;Inactive;2024/04/17;88602.75;grace.smith_SNV1702@example.com;3599660576;Average;TRUE;Sales;Nevada
EMP1703;Frank;Garcia;40.0;Active;2020/07/16;86624.04;frank.garcia_DCA1703@example.com;9806603919;Good;TRUE;DevOps;California
EMP1704;Charlie;Jones;30.0;Active;2022/09/21;63413.16;charlie.jones_CNY1704@example.com;5146074554;Good;TRUE;Cloud Tech;New York
EMP1705;Grace;Jones;40.0;Pending;2023/04/23;67915.7;grace.jones_SIL1705@example.com;3470574237;Good;FALSE;Sales;Illinois
EMP1706;Bob;Brown;25.0;Inactive;2024/12/27;108245.44;bob.brown_ANV1706@example.com;8565271558;Poor;TRUE;Admin;Nevada
EMP1707;Alice;Garcia;35.0;Inactive;2024/08/10;75834.81;alice.garcia_SNV1707@example.com;8354116596;Excellent;TRUE;Sales;Nevada
EMP1708;Eva;Garcia;;Active;2024/09/04;71273.32;eva.garcia_CNV1708@example.com;2634755751;Good;FALSE;Cloud Tech;Nevada
EMP1709;Bob;Garcia;25.0;Pending;2022/02/28;63262.23;bob.garcia_DNY1709@example.com;2501394883;Good;FALSE;DevOps;New York
EMP1710;David;Davis;;Pending;2024/03/14;89069.91;david.davis_DNY1710@example.com;8826913118;Good;FALSE;DevOps;New York
EMP1711;Frank;Johnson;40.0;Inactive;2024/12/13;57287.17;frank.johnson_DNV1711@example.com;6425856260;Average;TRUE;DevOps;Nevada
EMP1712;Grace;Smith;;Active;2022/12/29;119890.35;grace.smith_HNV1712@example.com;4991537037;Average;TRUE;HR;Nevada
EMP1713;Frank;Brown;35.0;Inactive;2022/04/24;103492.91;frank.brown_SCA1713@example.com;2407333372;Poor;FALSE;Sales;California
EMP1714;Frank;Garcia;;Pending;2021/03/14;76254.42;frank.garcia_AIL1714@example.com;2043097767;Excellent;FALSE;Admin;Illinois
EMP1715;Eva;Garcia;35.0;Inactive;2020/01/01;100841.93;eva.garcia_FFL1715@example.com;8936289695;Poor;TRUE;Finance;Florida
EMP1716;Alice;Williams;;Active;2021/09/07;118907.61;alice.williams_ACA1716@example.com;4546553584;Excellent;TRUE;Admin;California
EMP1717;Frank;Brown;25.0;Pending;2022/11/13;88942.62;frank.brown_DCA1717@example.com;1253892186;Average;FALSE;DevOps;California
EMP1718;Charlie;Garcia;25.0;Inactive;2020/11/15;59688.57;charlie.garcia_CFL1718@example.com;8519358373;Average;FALSE;Cloud Tech;Florida
EMP1719;David;Brown;30.0;Active;2023/03/14;77985.88;david.brown_HCA1719@example.com;9079779611;Average;TRUE;HR;California
EMP1720;Bob;Johnson;35.0;Inactive;2024/08/18;112931.69;bob.johnson_FNY1720@example.com;;Poor;FALSE;Finance;New York
EMP1721;Bob;Williams;;Active;2024/02/05;106583.88;bob.williams_DCA1721@example.com;1494097625;Good;TRUE;DevOps;California
EMP1722;Alice;Brown;35.0;Inactive;2024/11/12;58437.84;alice.brown_HFL1722@example.com;3748453985;Good;TRUE;HR;Florida
EMP1723;Alice;Smith;40.0;Pending;2020/03/25;72352.16;alice.smith_CCA1723@example.com;2895090590;Average;TRUE;Cloud Tech;California
EMP1724;Frank;Smith;;Active;2020/04/13;97154.47;frank.smith_DNY1724@example.com;1918623391;Good;TRUE;DevOps;New York
EMP1725;Heidi;Jones;;Active;2021/03/30;80235.5;heidi.jones_SIL1725@example.com;2071511695;Good;FALSE;Sales;Illinois
EMP1726;Charlie;Williams;30.0;Inactive;2023/03/16;102172.05;charlie.williams_HTX1726@example.com;6672521451;Poor;FALSE;HR;Texas
EMP1727;Eva;Williams;25.0;Inactive;2024/05/03;98850.94;eva.williams_FIL1727@example.com;6471246334;Excellent;TRUE;Finance;Illinois
EMP1728;Heidi;Jones;;Inactive;2023/08/28;89993.15;heidi.jones_AFL1728@example.com;1571840907;Average;TRUE;Admin;Florida
EMP1729;David;Brown;30.0;Inactive;2021/10/24;97931.66;david.brown_CCA1729@example.com;;Average;TRUE;Cloud Tech;California
EMP1730;Bob;Williams;40.0;Inactive;2021/01/25;72451.69;bob.williams_FCA1730@example.com;4099512396;Poor;TRUE;Finance;California
EMP1731;Alice;Smith;35.0;Pending;2024/08/09;119311.14;alice.smith_ACA1731@example.com;2835129591;Poor;TRUE;Admin;California
EMP1732;Charlie;Smith;40.0;Active;2023/11/04;76167.46;charlie.smith_CNY1732@example.com;7282709080;Good;FALSE;Cloud Tech;New York
EMP1733;Bob;Garcia;25.0;Active;2023/06/25;114871.08;bob.garcia_DTX1733@example.com;4415298216;Average;FALSE;DevOps;Texas
EMP1734;Eva;Johnson;25.0;Active;2021/09/16;81504.31;eva.johnson_HNV1734@example.com;3929578670;Excellent;FALSE;HR;Nevada
EMP1735;David;Williams;;Pending;2022/12/07;102524.86;david.williams_ANY1735@example.com;8153523735;Poor;FALSE;Admin;New York
EMP1736;Charlie;Brown;25.0;Pending;2022/12/14;53043.74;charlie.brown_FIL1736@example.com;;Excellent;TRUE;Finance;Illinois
EMP1737;Eva;Jones;30.0;Inactive;2020/04/18;82547.26;eva.jones_DIL1737@example.com;9988683451;Excellent;TRUE;DevOps;Illinois
EMP1738;Bob;Jones;40.0;Pending;2024/10/11;113900.81;bob.jones_DCA1738@example.com;7346666169;Average;TRUE;DevOps;California
EMP1739;Bob;Brown;25.0;Inactive;2021/04/18;118585.5;bob.brown_HNV1739@example.com;7158796473;Average;TRUE;HR;Nevada
EMP1740;Bob;Davis;35.0;Pending;2020/06/29;63049.22;bob.davis_FIL1740@example.com;;Poor;TRUE;Finance;Illinois
EMP1741;Heidi;Miller;;Active;2021/05/21;114558.91;heidi.miller_DTX1741@example.com;5080046357;Average;FALSE;DevOps;Texas
EMP1742;Heidi;Johnson;40.0;Active;2021/12/11;97901.79;heidi.johnson_DNY1742@example.com;;Average;TRUE;DevOps;New York
EMP1743;Eva;Jones;30.0;Active;2023/07/05;68037.56;eva.jones_SCA1743@example.com;7235137398;Average;FALSE;Sales;California
EMP1744;Alice;Williams;;Active;2021/11/30;112802.27;alice.williams_HNY1744@example.com;;Excellent;FALSE;HR;New York
EMP1745;Bob;Johnson;40.0;Pending;2024/11/22;93786.72;bob.johnson_SNV1745@example.com;6356022938;Poor;FALSE;Sales;Nevada
EMP1746;David;Williams;;Inactive;2023/05/24;73049.93;david.williams_AFL1746@example.com;4694346065;Good;FALSE;Admin;Florida
EMP1747;David;Davis;30.0;Pending;2024/06/26;64161.72;david.davis_SIL1747@example.com;6437490606;Excellent;TRUE;Sales;Illinois
EMP1748;Charlie;Smith;40.0;Pending;2020/11/19;72224.73;charlie.smith_ANV1748@example.com;2311127127;Average;FALSE;Admin;Nevada
EMP1749;Bob;Johnson;30.0;Pending;2020/03/01;103580.45;bob.johnson_HNY1749@example.com;5246484493;Excellent;FALSE;HR;New York
EMP1750;Grace;Garcia;40.0;Pending;2024/08/09;112589.11;grace.garcia_HFL1750@example.com;1163187327;Average;FALSE;HR;Florida
EMP1751;Eva;Jones;30.0;Active;2021/01/13;51833.88;eva.jones_ATX1751@example.com;;Average;TRUE;Admin;Texas
EMP1752;Eva;Johnson;;Active;2023/05/06;66252.78;eva.johnson_SIL1752@example.com;1369572789;Excellent;TRUE;Sales;Illinois
EMP1753;Frank;Johnson;25.0;Active;2022/10/25;109229.68;frank.johnson_DFL1753@example.com;8335090253;Poor;TRUE;DevOps;Florida
EMP1754;Frank;Johnson;30.0;Inactive;2020/10/08;61465.05;frank.johnson_FFL1754@example.com;2573066247;Average;FALSE;Finance;Florida
EMP1755;Grace;Miller;25.0;Active;2024/02/29;96993.74;grace.miller_HFL1755@example.com;1323570712;Poor;FALSE;HR;Florida
EMP1756;David;Johnson;25.0;Pending;2022/09/30;98150.39;david.johnson_AFL1756@example.com;9848228500;Good;TRUE;Admin;Florida
EMP1757;David;Williams;40.0;Pending;2024/02/14;107703.0;david.williams_FTX1757@example.com;1688092549;Average;FALSE;Finance;Texas
EMP1758;Grace;Smith;;Pending;2023/01/03;86766.14;grace.smith_DIL1758@example.com;2130609068;Poor;TRUE;DevOps;Illinois
EMP1759;Alice;Davis;;Inactive;2024/08/20;111443.69;alice.davis_CFL1759@example.com;1309810795;Poor;TRUE;Cloud Tech;Florida
EMP1760;David;Brown;;Pending;2020/03/21;89039.07;david.brown_SFL1760@example.com;4967379456;Good;FALSE;Sales;Florida
EMP1761;Alice;Johnson;30.0;Inactive;2024/12/16;71318.79;alice.johnson_HFL1761@example.com;7278532425;Poor;FALSE;HR;Florida
EMP1762;Heidi;Jones;30.0;Pending;2020/04/21;98296.71;heidi.jones_FCA1762@example.com;4250642075;Poor;FALSE;Finance;California
EMP1763;Heidi;Johnson;40.0;Pending;2020/08/19;62584.0;heidi.johnson_CNV1763@example.com;8362536666;Good;FALSE;Cloud Tech;Nevada
EMP1764;Charlie;Jones;40.0;Inactive;2020/02/21;62521.5;charlie.jones_FCA1764@example.com;7767555627;Average;TRUE;Finance;California
EMP1765;David;Williams;40.0;Inactive;2023/11/17;95400.35;david.williams_CCA1765@example.com;3333939577;Poor;TRUE;Cloud Tech;California
EMP1766;Charlie;Jones;25.0;Pending;2022/07/09;94385.07;charlie.jones_CTX1766@example.com;6543627186;Poor;TRUE;Cloud Tech;Texas
EMP1767;Grace;Garcia;;Inactive;2023/02/01;76642.49;grace.garcia_SNY1767@example.com;4960335825;Poor;TRUE;Sales;New York
EMP1768;Frank;Brown;;Active;2024/11/14;60122.52;frank.brown_DNY1768@example.com;8627036923;Excellent;TRUE;DevOps;New York
EMP1769;Alice;Smith;40.0;Pending;2024/04/23;117267.63;alice.smith_HCA1769@example.com;9269326572;Good;FALSE;HR;California
EMP1770;Charlie;Jones;25.0;Active;2023/06/29;;charlie.jones_ANY1770@example.com;2759980110;Excellent;TRUE;Admin;New York
EMP1771;Heidi;Jones;40.0;Pending;2024/12/12;84542.68;heidi.jones_STX1771@example.com;;Good;TRUE;Sales;Texas
EMP1772;Heidi;Smith;40.0;Active;2023/05/16;92007.15;heidi.smith_FFL1772@example.com;4159597751;Average;TRUE;Finance;Florida
EMP1773;Eva;Brown;;Active;2020/04/10;62938.8;eva.brown_DIL1773@example.com;4418222617;Average;FALSE;DevOps;Illinois
EMP1774;Frank;Johnson;25.0;Pending;2023/03/29;108661.01;frank.johnson_ATX1774@example.com;9628874311;Poor;FALSE;Admin;Texas
EMP1775;Bob;Jones;25.0;Active;2020/11/26;97046.33;bob.jones_CFL1775@example.com;7102676719;Good;FALSE;Cloud Tech;Florida
EMP1776;Charlie;Smith;40.0;Inactive;2020/03/14;56518.84;charlie.smith_DIL1776@example.com;9579927078;Average;FALSE;DevOps;Illinois
EMP1777;Frank;Garcia;40.0;Pending;2020/05/12;70498.29;frank.garcia_CFL1777@example.com;5515122945;Good;TRUE;Cloud Tech;Florida
EMP1778;Eva;Garcia;35.0;Pending;2021/03/05;98708.06;eva.garcia_SFL1778@example.com;2135415969;Average;TRUE;Sales;Florida
EMP1779;Bob;Williams;;Pending;2020/06/28;83856.41;bob.williams_DNV1779@example.com;9962543847;Excellent;FALSE;DevOps;Nevada
EMP1780;Eva;Smith;40.0;Inactive;2022/12/12;90259.99;eva.smith_SCA1780@example.com;;Average;FALSE;Sales;California
EMP1781;Charlie;Williams;;Pending;2024/02/02;94230.03;charlie.williams_SFL1781@example.com;5047158028;Excellent;TRUE;Sales;Florida
EMP1782;Charlie;Garcia;;Inactive;2021/01/31;50110.66;charlie.garcia_ANV1782@example.com;;Average;TRUE;Admin;Nevada
EMP1783;Bob;Brown;30.0;Inactive;2020/04/03;73365.46;bob.brown_SFL1783@example.com;4655866524;Poor;FALSE;Sales;Florida
EMP1784;David;Johnson;25.0;Pending;2021/07/30;67809.23;david.johnson_DNY1784@example.com;4837441714;Excellent;FALSE;DevOps;New York
EMP1785;Eva;Smith;;Active;2020/08/21;98008.51;eva.smith_SCA1785@example.com;8102131250;Average;FALSE;Sales;California
EMP1786;Alice;Davis;30.0;Inactive;2023/10/09;83537.58;alice.davis_ACA1786@example.com;2931100590;Poor;FALSE;Admin;California
EMP1787;Alice;Garcia;30.0;Pending;2022/08/01;112444.08;alice.garcia_FNY1787@example.com;2975191022;Excellent;TRUE;Finance;New York
EMP1788;Frank;Garcia;40.0;Active;2024/09/06;86475.13;frank.garcia_FNV1788@example.com;1211063300;Poor;TRUE;Finance;Nevada
EMP1789;Frank;Davis;;Active;2023/03/28;97984.53;frank.davis_STX1789@example.com;6583737926;Good;TRUE;Sales;Texas
EMP1790;Frank;Miller;25.0;Active;2021/11/25;118853.31;frank.miller_ACA1790@example.com;4907280122;Good;FALSE;Admin;California
EMP1791;Charlie;Garcia;;Active;2023/05/03;58179.12;charlie.garcia_SFL1791@example.com;4289311324;Excellent;FALSE;Sales;Florida
EMP1792;Eva;Jones;35.0;Inactive;2022/04/27;56075.84;eva.jones_DTX1792@example.com;3269496842;Average;TRUE;DevOps;Texas
EMP1793;Frank;Brown;40.0;Pending;2021/09/11;62250.89;frank.brown_HNY1793@example.com;6453804420;Excellent;TRUE;HR;New York
EMP1794;Alice;Smith;30.0;Pending;2020/02/21;105931.77;alice.smith_CFL1794@example.com;;Poor;TRUE;Cloud Tech;Florida
EMP1795;Charlie;Davis;30.0;Pending;2024/11/24;86653.96;charlie.davis_HFL1795@example.com;1595919456;Average;TRUE;HR;Florida
EMP1796;Charlie;Jones;25.0;Active;2021/02/24;100719.94;charlie.jones_SNV1796@example.com;5757475832;Good;FALSE;Sales;Nevada
EMP1797;Bob;Davis;25.0;Pending;2024/10/02;91600.13;bob.davis_HTX1797@example.com;9205677566;Average;TRUE;HR;Texas
EMP1798;Heidi;Smith;25.0;Pending;2024/03/06;71873.66;heidi.smith_CIL1798@example.com;7722660255;Good;TRUE;Cloud Tech;Illinois
EMP1799;Eva;Williams;30.0;Active;2021/08/09;69365.47;eva.williams_HNY1799@example.com;2650622922;Average;TRUE;HR;New York
EMP1800;Heidi;Smith;25.0;Active;2021/07/14;58012.23;heidi.smith_HNY1800@example.com;1067245306;Average;TRUE;HR;New York
EMP1801;Bob;Miller;30.0;Pending;2021/10/14;68973.65;bob.miller_SCA1801@example.com;6248433796;Average;TRUE;Sales;California
EMP1802;Eva;Smith;;Active;2021/09/29;92928.4;eva.smith_ANY1802@example.com;6627051156;Poor;TRUE;Admin;New York
EMP1803;Heidi;Smith;25.0;Inactive;2023/10/15;53531.92;heidi.smith_ATX1803@example.com;9423873669;Poor;TRUE;Admin;Texas
EMP1804;Bob;Miller;40.0;Pending;2023/05/05;112389.31;bob.miller_FNY1804@example.com;4254969191;Excellent;FALSE;Finance;New York
EMP1805;Heidi;Brown;;Inactive;2024/08/01;63870.3;heidi.brown_HCA1805@example.com;8455259709;Excellent;FALSE;HR;California
EMP1806;Bob;Garcia;40.0;Active;2024/07/22;106164.53;bob.garcia_SNY1806@example.com;7563353573;Good;FALSE;Sales;New York
EMP1807;Bob;Smith;40.0;Pending;2023/12/25;103654.54;bob.smith_HNV1807@example.com;8595325938;Poor;FALSE;HR;Nevada
EMP1808;David;Miller;30.0;Inactive;2022/03/13;62834.72;david.miller_SCA1808@example.com;9337970580;Good;TRUE;Sales;California
EMP1809;Frank;Jones;35.0;Active;2020/05/13;83273.41;frank.jones_FFL1809@example.com;6295187793;Excellent;FALSE;Finance;Florida
EMP1810;Heidi;Williams;30.0;Pending;2023/03/22;58917.58;heidi.williams_HCA1810@example.com;1763425072;Good;FALSE;HR;California
EMP1811;Bob;Williams;35.0;Active;2024/06/10;71148.27;bob.williams_SNV1811@example.com;3055978244;Excellent;TRUE;Sales;Nevada
EMP1812;Grace;Smith;30.0;Pending;2020/11/21;118172.42;grace.smith_SNY1812@example.com;7598339913;Poor;TRUE;Sales;New York
EMP1813;Frank;Brown;30.0;Inactive;2024/05/25;118614.37;frank.brown_DIL1813@example.com;;Average;FALSE;DevOps;Illinois
EMP1814;Frank;Brown;;Active;2023/09/19;96872.36;frank.brown_DNY1814@example.com;4324006156;Poor;FALSE;DevOps;New York
EMP1815;Heidi;Jones;25.0;Inactive;2021/10/28;88856.14;heidi.jones_SIL1815@example.com;2768297513;Good;TRUE;Sales;Illinois
EMP1816;Charlie;Smith;35.0;Pending;2020/08/10;97985.61;charlie.smith_FTX1816@example.com;7439742924;Good;FALSE;Finance;Texas
EMP1817;Grace;Williams;35.0;Pending;2020/05/05;56337.31;grace.williams_FNV1817@example.com;;Poor;TRUE;Finance;Nevada
EMP1818;Alice;Brown;30.0;Inactive;2022/12/24;70405.23;alice.brown_DNY1818@example.com;8065625903;Poor;TRUE;DevOps;New York
EMP1819;Heidi;Smith;30.0;Inactive;2021/09/05;89919.35;heidi.smith_ANV1819@example.com;5990802710;Excellent;TRUE;Admin;Nevada
EMP1820;Eva;Davis;40.0;Active;2023/04/08;50568.35;eva.davis_DCA1820@example.com;2218231554;Good;TRUE;DevOps;California
EMP1821;Grace;Brown;30.0;Inactive;2023/01/29;;grace.brown_HTX1821@example.com;1651768085;Good;FALSE;HR;Texas
EMP1822;Frank;Miller;25.0;Active;2022/06/03;99155.53;frank.miller_HTX1822@example.com;6281372142;Poor;TRUE;HR;Texas
EMP1823;Frank;Davis;40.0;Inactive;2023/01/21;64785.13;frank.davis_FFL1823@example.com;3080037002;Average;TRUE;Finance;Florida
EMP1824;Charlie;Garcia;30.0;Inactive;2024/09/16;79206.48;charlie.garcia_SFL1824@example.com;3228556607;Good;FALSE;Sales;Florida
EMP1825;Charlie;Brown;30.0;Pending;2020/02/02;60079.71;charlie.brown_CTX1825@example.com;4706810389;Average;TRUE;Cloud Tech;Texas
EMP1826;Grace;Williams;30.0;Pending;2024/07/08;79109.88;grace.williams_CNY1826@example.com;3397051957;Poor;FALSE;Cloud Tech;New York
EMP1827;Grace;Johnson;;Pending;2022/05/18;88643.5;grace.johnson_AFL1827@example.com;2632809447;Poor;FALSE;Admin;Florida
EMP1828;Frank;Davis;30.0;Pending;2020/01/16;90455.7;frank.davis_AFL1828@example.com;5862394534;Excellent;FALSE;Admin;Florida
EMP1829;David;Garcia;;Pending;2023/03/26;75687.9;david.garcia_HFL1829@example.com;4614707985;Good;TRUE;HR;Florida
EMP1830;Heidi;Jones;35.0;Inactive;2023/11/15;55604.42;heidi.jones_CIL1830@example.com;3210613393;Average;FALSE;Cloud Tech;Illinois
EMP1831;Eva;Jones;40.0;Pending;2024/12/27;92704.94;eva.jones_STX1831@example.com;3945703942;Excellent;FALSE;Sales;Texas
EMP1832;Bob;Williams;;Pending;2020/04/18;113250.97;bob.williams_SCA1832@example.com;8040325375;Good;TRUE;Sales;California
EMP1833;Alice;Brown;40.0;Inactive;2023/03/21;101367.02;alice.brown_FIL1833@example.com;5769277893;Excellent;FALSE;Finance;Illinois
EMP1834;Eva;Smith;35.0;Pending;2023/05/08;102459.77;eva.smith_ATX1834@example.com;3191009003;Poor;FALSE;Admin;Texas
EMP1835;Eva;Brown;25.0;Pending;2020/12/12;90100.2;eva.brown_DFL1835@example.com;;Good;FALSE;DevOps;Florida
EMP1836;Eva;Williams;;Inactive;2020/06/17;58877.49;eva.williams_CCA1836@example.com;3651460400;Excellent;FALSE;Cloud Tech;California
EMP1837;Eva;Jones;35.0;Inactive;2021/07/17;;eva.jones_AIL1837@example.com;4247310719;Excellent;FALSE;Admin;Illinois
EMP1838;Bob;Brown;;Pending;2020/11/05;96140.89;bob.brown_AIL1838@example.com;1137984408;Average;TRUE;Admin;Illinois
EMP1839;Charlie;Jones;35.0;Inactive;2021/01/05;105956.04;charlie.jones_DNY1839@example.com;7123166006;Excellent;FALSE;DevOps;New York
EMP1840;Frank;Davis;25.0;Active;2024/09/11;84716.38;frank.davis_AIL1840@example.com;6762090143;Good;FALSE;Admin;Illinois
EMP1841;Grace;Garcia;30.0;Pending;2023/07/29;61709.83;grace.garcia_DFL1841@example.com;7340433699;Good;TRUE;DevOps;Florida
EMP1842;Frank;Smith;25.0;Active;2020/04/17;61732.03;frank.smith_DCA1842@example.com;9687304518;Average;TRUE;DevOps;California
EMP1843;Eva;Davis;40.0;Active;2022/02/16;97845.7;eva.davis_DIL1843@example.com;5778255881;Good;TRUE;DevOps;Illinois
EMP1844;Eva;Jones;30.0;Active;2021/08/14;114905.58;eva.jones_SFL1844@example.com;5562965753;Poor;FALSE;Sales;Florida
EMP1845;Frank;Jones;;Active;2022/12/24;94619.69;frank.jones_DTX1845@example.com;2786561941;Good;TRUE;DevOps;Texas
EMP1846;Grace;Johnson;;Inactive;2021/07/07;68696.15;grace.johnson_DCA1846@example.com;5577820581;Good;FALSE;DevOps;California
EMP1847;Grace;Johnson;40.0;Active;2024/02/12;97032.29;grace.johnson_DNV1847@example.com;9582923615;Excellent;FALSE;DevOps;Nevada
EMP1848;Frank;Davis;30.0;Active;2023/10/09;50593.33;frank.davis_HIL1848@example.com;1880819047;Excellent;TRUE;HR;Illinois
EMP1849;Grace;Miller;25.0;Pending;2022/07/02;74606.15;grace.miller_STX1849@example.com;2357155867;Good;TRUE;Sales;Texas
EMP1850;Eva;Davis;30.0;Pending;2020/07/07;53981.73;eva.davis_CTX1850@example.com;6395613722;Average;FALSE;Cloud Tech;Texas
EMP1851;David;Johnson;;Pending;2020/09/02;56047.05;david.johnson_DTX1851@example.com;;Excellent;TRUE;DevOps;Texas
EMP1852;Grace;Jones;;Pending;2021/01/12;67733.5;grace.jones_ATX1852@example.com;3813000412;Average;FALSE;Admin;Texas
EMP1853;Bob;Williams;40.0;Pending;2023/09/29;103891.64;bob.williams_HFL1853@example.com;2114716559;Good;TRUE;HR;Florida
EMP1854;Charlie;Davis;25.0;Inactive;2022/03/06;73285.83;charlie.davis_HTX1854@example.com;9456534698;Good;TRUE;HR;Texas
EMP1855;Eva;Jones;30.0;Inactive;2021/02/14;92721.13;eva.jones_FTX1855@example.com;7990707549;Poor;TRUE;Finance;Texas
EMP1856;Heidi;Williams;25.0;Inactive;2021/03/23;92977.64;heidi.williams_AIL1856@example.com;4768169956;Excellent;FALSE;Admin;Illinois
EMP1857;Heidi;Williams;35.0;Active;2020/05/24;89994.12;heidi.williams_CTX1857@example.com;;Good;TRUE;Cloud Tech;Texas
EMP1858;Heidi;Johnson;25.0;Pending;2023/08/04;50060.73;heidi.johnson_FNY1858@example.com;3176539704;Poor;FALSE;Finance;New York
EMP1859;Grace;Davis;35.0;Inactive;2022/03/12;90224.82;grace.davis_ANV1859@example.com;4873961028;Excellent;FALSE;Admin;Nevada
EMP1860;Heidi;Brown;40.0;Pending;2024/05/18;106859.3;heidi.brown_FFL1860@example.com;;Good;FALSE;Finance;Florida
EMP1861;David;Smith;25.0;Inactive;2020/09/05;89707.07;david.smith_FNV1861@example.com;8049187273;Good;FALSE;Finance;Nevada
EMP1862;Frank;Johnson;35.0;Inactive;2020/04/23;94259.08;frank.johnson_DCA1862@example.com;2049561212;Excellent;TRUE;DevOps;California
EMP1863;Bob;Johnson;35.0;Active;2024/09/18;82174.75;bob.johnson_SCA1863@example.com;7730626041;Excellent;FALSE;Sales;California
EMP1864;David;Brown;30.0;Inactive;2023/09/15;63370.22;david.brown_STX1864@example.com;3597371121;Excellent;FALSE;Sales;Texas
EMP1865;Bob;Smith;35.0;Pending;2022/06/15;101472.69;bob.smith_FTX1865@example.com;2990775607;Good;TRUE;Finance;Texas
EMP1866;David;Jones;25.0;Active;2022/09/28;77213.73;david.jones_DIL1866@example.com;5816704685;Good;FALSE;DevOps;Illinois
EMP1867;Eva;Miller;40.0;Active;2020/03/16;73749.96;eva.miller_SFL1867@example.com;1114576831;Poor;TRUE;Sales;Florida
EMP1868;Alice;Davis;40.0;Pending;2023/09/28;86618.37;alice.davis_CNY1868@example.com;1021923784;Average;FALSE;Cloud Tech;New York
EMP1869;Charlie;Miller;;Active;2024/02/15;59911.33;charlie.miller_ATX1869@example.com;8471296179;Excellent;TRUE;Admin;Texas
EMP1870;Heidi;Jones;;Pending;2023/08/21;59137.64;heidi.jones_CNY1870@example.com;3324260507;Good;FALSE;Cloud Tech;New York
EMP1871;Alice;Garcia;35.0;Pending;2020/12/15;108474.65;alice.garcia_CFL1871@example.com;;Good;TRUE;Cloud Tech;Florida
EMP1872;Bob;Johnson;25.0;Pending;2021/03/27;54417.71;bob.johnson_FIL1872@example.com;3733777311;Excellent;FALSE;Finance;Illinois
EMP1873;Frank;Smith;40.0;Pending;2023/03/25;88211.94;frank.smith_HTX1873@example.com;6881228216;Average;FALSE;HR;Texas
EMP1874;David;Johnson;25.0;Inactive;2020/05/09;58452.18;david.johnson_SNY1874@example.com;8192365345;Excellent;TRUE;Sales;New York
EMP1875;Grace;Williams;30.0;Pending;2020/12/03;80706.28;grace.williams_DCA1875@example.com;;Average;TRUE;DevOps;California
EMP1876;Alice;Johnson;30.0;Pending;2022/02/09;;alice.johnson_CNV1876@example.com;9327986238;Good;TRUE;Cloud Tech;Nevada
EMP1877;Heidi;Johnson;25.0;Active;2020/07/01;99471.89;heidi.johnson_CTX1877@example.com;8471690617;Average;TRUE;Cloud Tech;Texas
EMP1878;Eva;Jones;40.0;Pending;2020/09/16;64431.22;eva.jones_DFL1878@example.com;1205464753;Poor;FALSE;DevOps;Florida
EMP1879;Heidi;Jones;40.0;Pending;2023/11/17;52633.48;heidi.jones_ANY1879@example.com;8954787697;Good;FALSE;Admin;New York
EMP1880;Heidi;Jones;;Inactive;2021/12/13;79315.01;heidi.jones_CNV1880@example.com;9992751757;Poor;TRUE;Cloud Tech;Nevada
EMP1881;David;Miller;25.0;Pending;2022/01/11;110391.17;david.miller_STX1881@example.com;8914444982;Excellent;FALSE;Sales;Texas
EMP1882;David;Williams;40.0;Active;2021/07/20;53714.83;david.williams_DNV1882@example.com;5539354357;Excellent;TRUE;DevOps;Nevada
EMP1883;Charlie;Garcia;40.0;Active;2023/10/04;114587.11;charlie.garcia_FNY1883@example.com;6449639242;Excellent;TRUE;Finance;New York
EMP1884;Frank;Garcia;35.0;Inactive;2021/11/15;93177.35;frank.garcia_AFL1884@example.com;5885379820;Average;FALSE;Admin;Florida
EMP1885;Heidi;Jones;25.0;Active;2023/01/05;62312.13;heidi.jones_CNV1885@example.com;4339527535;Good;FALSE;Cloud Tech;Nevada
EMP1886;Heidi;Smith;;Active;2024/01/17;81137.46;heidi.smith_CTX1886@example.com;7497852490;Excellent;FALSE;Cloud Tech;Texas
EMP1887;Grace;Miller;30.0;Inactive;2021/04/16;104528.27;grace.miller_DNV1887@example.com;4168601346;Excellent;FALSE;DevOps;Nevada
EMP1888;Bob;Brown;30.0;Active;2022/02/08;112395.56;bob.brown_DFL1888@example.com;7894896339;Good;FALSE;DevOps;Florida
EMP1889;Heidi;Smith;25.0;Active;2023/06/02;81849.36;heidi.smith_FNY1889@example.com;6791766511;Excellent;FALSE;Finance;New York
EMP1890;Charlie;Davis;40.0;Pending;2022/01/04;118288.91;charlie.davis_DNY1890@example.com;2150014187;Poor;FALSE;DevOps;New York
EMP1891;Charlie;Davis;25.0;Active;2021/07/28;59555.1;charlie.davis_DIL1891@example.com;4216309000;Good;TRUE;DevOps;Illinois
EMP1892;Heidi;Smith;40.0;Active;2024/12/20;70661.31;heidi.smith_ACA1892@example.com;5944633398;Good;TRUE;Admin;California
EMP1893;Charlie;Jones;;Active;2022/04/23;109988.16;charlie.jones_SNY1893@example.com;9485320894;Good;TRUE;Sales;New York
EMP1894;David;Brown;;Inactive;2020/01/30;101101.24;david.brown_FFL1894@example.com;3263890218;Poor;TRUE;Finance;Florida
EMP1895;David;Brown;30.0;Pending;2021/03/31;112427.58;david.brown_HFL1895@example.com;9471136336;Good;TRUE;HR;Florida
EMP1896;Charlie;Miller;;Active;2020/03/23;119389.15;charlie.miller_CFL1896@example.com;9223410345;Poor;FALSE;Cloud Tech;Florida
EMP1897;Alice;Brown;40.0;Inactive;2024/07/16;105861.23;alice.brown_SFL1897@example.com;9967331166;Good;TRUE;Sales;Florida
EMP1898;Heidi;Davis;40.0;Pending;2024/03/22;50869.61;heidi.davis_ATX1898@example.com;7269608436;Average;TRUE;Admin;Texas
EMP1899;David;Williams;30.0;Active;2023/08/19;;david.williams_HCA1899@example.com;6855078966;Excellent;TRUE;HR;California
EMP1900;Eva;Jones;30.0;Pending;2024/03/10;90856.21;eva.jones_DFL1900@example.com;9352196262;Average;TRUE;DevOps;Florida
EMP1901;Heidi;Brown;30.0;Active;2024/06/05;111008.63;heidi.brown_DFL1901@example.com;3556434368;Excellent;TRUE;DevOps;Florida
EMP1902;Alice;Miller;25.0;Inactive;2022/12/23;52289.99;alice.miller_FNV1902@example.com;7093170694;Poor;TRUE;Finance;Nevada
EMP1903;Eva;Davis;;Active;2024/06/01;97926.56;eva.davis_SIL1903@example.com;5607676163;Average;TRUE;Sales;Illinois
EMP1904;Frank;Williams;25.0;Inactive;2024/12/23;53609.38;frank.williams_SNV1904@example.com;5345472238;Good;FALSE;Sales;Nevada
EMP1905;Heidi;Johnson;;Inactive;2020/12/24;95372.09;heidi.johnson_CCA1905@example.com;8983065030;Excellent;FALSE;Cloud Tech;California
EMP1906;David;Johnson;30.0;Pending;2020/08/20;95432.69;david.johnson_HNY1906@example.com;2198041846;Excellent;TRUE;HR;New York
EMP1907;David;Williams;30.0;Inactive;2022/10/28;97615.87;david.williams_HCA1907@example.com;2426423641;Average;FALSE;HR;California
EMP1908;Bob;Davis;35.0;Inactive;2022/10/23;86867.78;bob.davis_HFL1908@example.com;8131909247;Poor;FALSE;HR;Florida
EMP1909;Eva;Miller;40.0;Pending;2023/11/20;106615.71;eva.miller_SCA1909@example.com;7623039110;Average;FALSE;Sales;California
EMP1910;Bob;Williams;30.0;Active;2022/03/11;112856.21;bob.williams_FTX1910@example.com;4281785227;Poor;FALSE;Finance;Texas
EMP1911;Bob;Jones;25.0;Active;2023/11/28;60356.78;bob.jones_ACA1911@example.com;2305248087;Poor;TRUE;Admin;California
EMP1912;David;Jones;;Inactive;2022/05/03;117870.22;david.jones_DTX1912@example.com;;Excellent;FALSE;DevOps;Texas
EMP1913;Charlie;Johnson;40.0;Inactive;2024/02/19;95127.91;charlie.johnson_HFL1913@example.com;5947372131;Average;FALSE;HR;Florida
EMP1914;Bob;Brown;25.0;Pending;2021/11/18;78818.42;bob.brown_AIL1914@example.com;9016204786;Average;FALSE;Admin;Illinois
EMP1915;Frank;Miller;40.0;Pending;2022/12/21;108933.55;frank.miller_SNV1915@example.com;6886878598;Poor;TRUE;Sales;Nevada
EMP1916;Eva;Johnson;;Active;2024/06/04;68200.52;eva.johnson_ACA1916@example.com;6486287202;Average;TRUE;Admin;California
EMP1917;Eva;Brown;25.0;Inactive;2022/07/22;116934.97;eva.brown_ACA1917@example.com;1954196663;Good;TRUE;Admin;California
EMP1918;Charlie;Brown;;Active;2024/09/14;99567.78;charlie.brown_HNY1918@example.com;5057303626;Good;TRUE;HR;New York
EMP1919;Charlie;Garcia;30.0;Active;2021/10/10;90216.76;charlie.garcia_ATX1919@example.com;9246320373;Average;TRUE;Admin;Texas
EMP1920;Frank;Jones;30.0;Pending;2020/03/12;96588.73;frank.jones_AIL1920@example.com;7677537259;Average;TRUE;Admin;Illinois
EMP1921;Charlie;Davis;35.0;Active;2022/12/28;71109.18;charlie.davis_FIL1921@example.com;3214505765;Poor;TRUE;Finance;Illinois
EMP1922;Grace;Smith;40.0;Inactive;2020/11/15;50300.6;grace.smith_AFL1922@example.com;1945887070;Good;FALSE;Admin;Florida
EMP1923;Frank;Davis;35.0;Pending;2023/09/27;60295.84;frank.davis_FCA1923@example.com;5534820127;Good;FALSE;Finance;California
EMP1924;Heidi;Smith;35.0;Pending;2022/09/07;113012.21;heidi.smith_DTX1924@example.com;4008385075;Excellent;FALSE;DevOps;Texas
EMP1925;Bob;Williams;35.0;Pending;2024/09/18;65425.54;bob.williams_CFL1925@example.com;5975954507;Poor;TRUE;Cloud Tech;Florida
EMP1926;Frank;Jones;25.0;Active;2023/04/09;86850.37;frank.jones_SNV1926@example.com;9177680897;Excellent;TRUE;Sales;Nevada
EMP1927;Eva;Brown;30.0;Pending;2024/10/05;81182.07;eva.brown_CTX1927@example.com;1265742230;Good;TRUE;Cloud Tech;Texas
EMP1928;Bob;Miller;;Inactive;2021/10/12;92222.03;bob.miller_FNY1928@example.com;9646300401;Poor;TRUE;Finance;New York
EMP1929;Alice;Smith;35.0;Pending;2024/10/14;79934.83;alice.smith_FNY1929@example.com;3693626893;Average;TRUE;Finance;New York
EMP1930;Alice;Davis;35.0;Inactive;2022/07/01;111201.12;alice.davis_HCA1930@example.com;3012047136;Poor;FALSE;HR;California
EMP1931;Heidi;Brown;40.0;Active;2024/07/08;100960.05;heidi.brown_FCA1931@example.com;2711759573;Average;FALSE;Finance;California
EMP1932;Grace;Smith;30.0;Active;2020/10/21;64544.87;grace.smith_SIL1932@example.com;9885582983;Average;TRUE;Sales;Illinois
EMP1933;Frank;Smith;25.0;Active;2020/01/14;78662.24;frank.smith_SFL1933@example.com;9330674583;Poor;TRUE;Sales;Florida
EMP1934;Grace;Garcia;30.0;Pending;2023/03/09;102867.06;grace.garcia_SFL1934@example.com;7609441282;Average;TRUE;Sales;Florida
EMP1935;Charlie;Smith;40.0;Inactive;2020/03/27;107595.95;charlie.smith_HIL1935@example.com;3372188565;Excellent;TRUE;HR;Illinois
EMP1936;Eva;Miller;40.0;Inactive;2021/04/04;;eva.miller_SNV1936@example.com;6954132970;Good;FALSE;Sales;Nevada
EMP1937;Eva;Jones;35.0;Inactive;2020/09/11;95766.91;eva.jones_DNV1937@example.com;5066626704;Average;TRUE;DevOps;Nevada
EMP1938;Grace;Miller;30.0;Pending;2021/05/16;51990.98;grace.miller_FNV1938@example.com;5143776935;Excellent;TRUE;Finance;Nevada
EMP1939;Heidi;Johnson;25.0;Inactive;2023/04/05;83634.01;heidi.johnson_SNV1939@example.com;6343925294;Average;TRUE;Sales;Nevada
EMP1940;Eva;Brown;40.0;Inactive;2022/11/15;;eva.brown_DTX1940@example.com;9611110285;Good;TRUE;DevOps;Texas
EMP1941;Eva;Jones;30.0;Active;2021/10/16;82273.08;eva.jones_STX1941@example.com;7120072023;Excellent;FALSE;Sales;Texas
EMP1942;Frank;Garcia;30.0;Inactive;2022/05/09;94537.3;frank.garcia_CCA1942@example.com;5591024509;Good;TRUE;Cloud Tech;California
EMP1943;Alice;Jones;35.0;Pending;2020/06/06;85970.65;alice.jones_HIL1943@example.com;9109032670;Good;TRUE;HR;Illinois
EMP1944;Charlie;Jones;25.0;Pending;2021/10/22;111071.02;charlie.jones_SNY1944@example.com;4949819420;Excellent;FALSE;Sales;New York
EMP1945;Eva;Davis;35.0;Pending;2022/01/12;56708.34;eva.davis_DNV1945@example.com;7942817933;Excellent;FALSE;DevOps;Nevada
EMP1946;Charlie;Jones;25.0;Inactive;2022/02/02;104516.55;charlie.jones_AIL1946@example.com;;Excellent;FALSE;Admin;Illinois
EMP1947;Charlie;Garcia;25.0;Pending;2021/03/28;108210.15;charlie.garcia_ANY1947@example.com;6634533721;Poor;TRUE;Admin;New York
EMP1948;Bob;Miller;40.0;Active;2024/08/03;;bob.miller_FTX1948@example.com;;Excellent;TRUE;Finance;Texas
EMP1949;Frank;Jones;35.0;Active;2024/07/31;80935.65;frank.jones_DCA1949@example.com;1455937660;Excellent;FALSE;DevOps;California
EMP1950;Frank;Williams;30.0;Active;2024/03/04;107020.19;frank.williams_DCA1950@example.com;8943705262;Excellent;FALSE;DevOps;California
EMP1951;Charlie;Brown;30.0;Active;2020/09/23;118677.67;charlie.brown_HNY1951@example.com;5100462775;Excellent;FALSE;HR;New York
EMP1952;Bob;Jones;25.0;Inactive;2020/03/28;63744.57;bob.jones_CFL1952@example.com;5725659201;Average;FALSE;Cloud Tech;Florida
EMP1953;Alice;Brown;40.0;Active;2020/05/15;;alice.brown_CCA1953@example.com;4617520237;Poor;FALSE;Cloud Tech;California
EMP1954;Bob;Williams;25.0;Pending;2021/02/13;62934.73;bob.williams_SNY1954@example.com;9743260054;Good;FALSE;Sales;New York
EMP1955;Bob;Williams;30.0;Pending;2021/12/13;74654.23;bob.williams_DCA1955@example.com;9550178331;Excellent;TRUE;DevOps;California
EMP1956;David;Brown;;Active;2024/08/05;;david.brown_STX1956@example.com;5848689992;Average;TRUE;Sales;Texas
EMP1957;David;Smith;30.0;Pending;2020/01/09;118150.59;david.smith_HNY1957@example.com;6079848703;Average;TRUE;HR;New York
EMP1958;David;Johnson;;Inactive;2023/11/30;91256.64;david.johnson_DFL1958@example.com;5069176798;Average;FALSE;DevOps;Florida
EMP1959;Bob;Davis;30.0;Inactive;2021/03/14;85997.57;bob.davis_HFL1959@example.com;3593744038;Good;FALSE;HR;Florida
EMP1960;Frank;Smith;25.0;Pending;2020/10/05;84707.12;frank.smith_FTX1960@example.com;4640830372;Excellent;FALSE;Finance;Texas
EMP1961;Eva;Smith;;Active;2021/11/02;84559.9;eva.smith_DTX1961@example.com;6060148859;Poor;FALSE;DevOps;Texas
EMP1962;Heidi;Miller;;Pending;2024/09/18;81076.91;heidi.miller_DCA1962@example.com;8490793883;Poor;FALSE;DevOps;California
EMP1963;Eva;Davis;40.0;Inactive;2023/10/22;;eva.davis_ATX1963@example.com;1368528305;Average;FALSE;Admin;Texas
EMP1964;Heidi;Davis;25.0;Pending;2023/09/10;97356.31;heidi.davis_FFL1964@example.com;1537012423;Good;TRUE;Finance;Florida
EMP1965;Grace;Smith;40.0;Active;2024/02/27;114770.32;grace.smith_DIL1965@example.com;4626325143;Good;TRUE;DevOps;Illinois
EMP1966;Bob;Jones;35.0;Active;2023/05/03;109082.07;bob.jones_ACA1966@example.com;8811210313;Good;FALSE;Admin;California
EMP1967;David;Miller;40.0;Inactive;2024/04/15;99944.57;david.miller_DFL1967@example.com;2175188780;Poor;TRUE;DevOps;Florida
EMP1968;Eva;Miller;40.0;Pending;2023/05/20;116509.72;eva.miller_HFL1968@example.com;7941515262;Average;FALSE;HR;Florida
EMP1969;Eva;Williams;30.0;Active;2021/05/28;84253.9;eva.williams_FTX1969@example.com;8409112251;Excellent;TRUE;Finance;Texas
EMP1970;Charlie;Garcia;25.0;Active;2024/08/27;54776.01;charlie.garcia_CNV1970@example.com;8837505660;Poor;FALSE;Cloud Tech;Nevada
EMP1971;Charlie;Davis;40.0;Inactive;2020/11/08;71192.68;charlie.davis_SNV1971@example.com;8632397912;Average;FALSE;Sales;Nevada
EMP1972;Bob;Smith;;Active;2021/08/24;96346.53;bob.smith_FFL1972@example.com;7876553006;Average;TRUE;Finance;Florida
EMP1973;Eva;Williams;;Pending;2020/02/06;116680.63;eva.williams_HIL1973@example.com;3095055604;Excellent;TRUE;HR;Illinois
EMP1974;Grace;Brown;25.0;Inactive;2024/10/12;76343.56;grace.brown_FFL1974@example.com;7121988191;Excellent;FALSE;Finance;Florida
EMP1975;Alice;Johnson;30.0;Inactive;2024/12/16;99424.14;alice.johnson_SNV1975@example.com;7788519052;Excellent;FALSE;Sales;Nevada
EMP1976;Charlie;Garcia;35.0;Inactive;2024/04/13;57656.74;charlie.garcia_DFL1976@example.com;4864010423;Good;TRUE;DevOps;Florida
EMP1977;Heidi;Garcia;40.0;Pending;2020/04/24;77396.94;heidi.garcia_SNY1977@example.com;6245618516;Excellent;TRUE;Sales;New York
EMP1978;Grace;Garcia;;Inactive;2021/10/18;54299.68;grace.garcia_DCA1978@example.com;4460045211;Average;FALSE;DevOps;California
EMP1979;Charlie;Miller;35.0;Pending;2020/02/25;103563.58;charlie.miller_HNV1979@example.com;8991511454;Excellent;TRUE;HR;Nevada
EMP1980;Grace;Brown;25.0;Inactive;2022/04/23;74588.85;grace.brown_FCA1980@example.com;1293913043;Average;FALSE;Finance;California
EMP1981;David;Garcia;30.0;Pending;2020/06/22;113727.23;david.garcia_DCA1981@example.com;8818984840;Poor;FALSE;DevOps;California
EMP1982;Eva;Brown;25.0;Active;2023/01/07;72828.18;eva.brown_HNY1982@example.com;6046154020;Good;FALSE;HR;New York
EMP1983;Grace;Jones;;Inactive;2020/02/11;98717.09;grace.jones_SFL1983@example.com;1901707567;Poor;FALSE;Sales;Florida
EMP1984;Frank;Garcia;40.0;Inactive;2023/03/18;56840.8;frank.garcia_SFL1984@example.com;1429831521;Poor;TRUE;Sales;Florida
EMP1985;David;Johnson;35.0;Pending;2021/11/26;61663.91;david.johnson_FIL1985@example.com;9107322835;Average;TRUE;Finance;Illinois
EMP1986;Grace;Brown;30.0;Active;2024/09/17;109523.4;grace.brown_FNV1986@example.com;;Poor;TRUE;Finance;Nevada
EMP1987;Eva;Brown;25.0;Inactive;2024/07/05;65812.02;eva.brown_HIL1987@example.com;3963845268;Average;TRUE;HR;Illinois
EMP1988;Bob;Johnson;;Inactive;2021/07/13;54708.88;bob.johnson_CIL1988@example.com;6944391648;Excellent;TRUE;Cloud Tech;Illinois
EMP1989;Heidi;Garcia;40.0;Active;2023/08/27;107661.73;heidi.garcia_ACA1989@example.com;7016934291;Excellent;TRUE;Admin;California
EMP1990;Eva;Johnson;40.0;Inactive;2021/02/13;79002.0;eva.johnson_DIL1990@example.com;9132033015;Average;TRUE;DevOps;Illinois
EMP1991;Heidi;Brown;;Pending;2023/12/11;86135.69;heidi.brown_ATX1991@example.com;2341903105;Excellent;FALSE;Admin;Texas
EMP1992;Heidi;Johnson;30.0;Inactive;2021/07/02;115601.4;heidi.johnson_DNV1992@example.com;1537221555;Good;TRUE;DevOps;Nevada
EMP1993;Grace;Brown;;Active;2022/12/05;64045.36;grace.brown_DNV1993@example.com;6847323652;Poor;TRUE;DevOps;Nevada
EMP1994;David;Brown;30.0;Inactive;2024/09/24;80477.21;david.brown_DNV1994@example.com;3774604066;Good;FALSE;DevOps;Nevada
EMP1995;Bob;Jones;30.0;Inactive;2023/08/16;61240.9;bob.jones_FCA1995@example.com;2007843613;Poor;TRUE;Finance;California
EMP1996;David;Smith;40.0;Active;2021/01/28;51939.29;david.smith_ATX1996@example.com;2442607818;Excellent;TRUE;Admin;Texas
EMP1997;Eva;Brown;40.0;Inactive;2022/05/14;95284.54;eva.brown_FIL1997@example.com;7543734763;Good;FALSE;Finance;Illinois
EMP1998;Charlie;Garcia;35.0;Inactive;2024/06/05;106247.67;charlie.garcia_ATX1998@example.com;2737203762;Excellent;TRUE;Admin;Texas
EMP1999;Charlie;Williams;25.0;Active;2020/04/23;110170.88;charlie.williams_DFL1999@example.com;8821458413;Poor;TRUE;DevOps;Florida
EMP2000;Charlie;Miller;25.0;Pending;2024/06/10;52615.44;charlie.miller_HNV2000@example.com;8460191343;Average;TRUE;HR;Nevada
EMP2001;Eva;Davis;30.0;Inactive;2020/04/18;82547.26;eva.davis_DIL2001@example.com;3899827801;Average;FALSE;DevOps;Illinois
EMP2002;Bob;Smith;35.0;Pending;2020/06/29;63049.22;bob.smith_FIL2002@example.com;;Good;TRUE;Finance;Illinois
EMP2003;Frank;Smith;35.0;Pending;2023/02/15;115229.12;frank.smith_HCA2003@example.com;1464493698;Excellent;TRUE;HR;California
EMP2004;Grace;Smith;25.0;Pending;2023/06/15;60687.63;grace.smith_DIL2004@example.com;9516793349;Excellent;FALSE;DevOps;Illinois
EMP2005;Frank;Jones;30.0;Inactive;2022/03/19;67492.73;frank.jones_FIL2005@example.com;5573857367;Good;TRUE;Finance;Illinois
EMP2006;Grace;Brown;;Inactive;2023/10/25;77821.79;grace.brown_HIL2006@example.com;;Average;FALSE;HR;Illinois
EMP2007;Charlie;Jones;35.0;Active;2022/07/14;69146.95;charlie.jones_DTX2007@example.com;6811872332;Poor;FALSE;DevOps;Texas
EMP2008;Grace;Brown;35.0;Inactive;2022/03/12;90224.82;grace.brown_ANV2008@example.com;5104096148;Good;TRUE;Admin;Nevada
EMP2009;David;Garcia;;Pending;2024/06/11;62603.98;david.garcia_FIL2009@example.com;7315391148;Poor;FALSE;Finance;Illinois
EMP2010;Bob;Jones;35.0;Active;2024/06/10;71148.27;bob.jones_SNV2010@example.com;8307482072;Average;FALSE;Sales;Nevada
EMP2011;David;Jones;40.0;Inactive;2022/09/21;52031.74;david.jones_ACA2011@example.com;6511893939;Excellent;TRUE;Admin;California
EMP2012;Grace;Miller;35.0;Inactive;2023/04/15;;grace.miller_DFL2012@example.com;6557820189;Average;FALSE;DevOps;Florida
EMP2013;Eva;Williams;;Pending;2020/02/06;116680.63;eva.williams_HIL2013@example.com;4322302332;Good;FALSE;HR;Illinois
EMP2014;Grace;Jones;30.0;Pending;2021/05/16;51990.98;grace.jones_FNV2014@example.com;2470739200;Excellent;TRUE;Finance;Nevada
EMP2015;David;Miller;30.0;Active;2023/08/19;;david.miller_HCA2015@example.com;3546212759;Good;TRUE;HR;California
EMP2016;David;Johnson;30.0;Inactive;2021/11/07;100215.06;david.johnson_CTX2016@example.com;2508261122;Good;TRUE;Cloud Tech;Texas
EMP2017;Charlie;Williams;40.0;Active;2023/10/04;114587.11;charlie.williams_FNY2017@example.com;1261632487;Average;FALSE;Finance;New York
EMP2018;Alice;Garcia;30.0;Inactive;2024/12/16;71318.79;alice.garcia_HFL2018@example.com;8995729892;Good;TRUE;HR;Florida
EMP2019;Heidi;Jones;30.0;Pending;2021/02/22;77764.24;heidi.jones_DIL2019@example.com;7629745492;Average;FALSE;DevOps;Illinois
